Date,Open,High,Low,Close,Adj Close,Volume,Adj Close**
2021-07-05,<function to_numeric at 0x00000087324BD4C0>,0.246419,<function to_numeric at 0x00000087324BD4C0>,<function to_numeric at 0x00000087324BD4C0>,0.231614,<function to_numeric at 0x00000087324BD4C0>,<function to_numeric at 0x00000087324BD4C0>
2021-07-06,<function to_numeric at 0x00000087324BD4C0>,0.24191,<function to_numeric at 0x00000087324BD4C0>,<function to_numeric at 0x00000087324BD4C0>,0.234422,<function to_numeric at 0x00000087324BD4C0>,<function to_numeric at 0x00000087324BD4C0>
2021-07-07,<function to_numeric at 0x00000087324BD4C0>,0.237851,<function to_numeric at 0x00000087324BD4C0>,<function to_numeric at 0x00000087324BD4C0>,0.224126,<function to_numeric at 0x00000087324BD4C0>,<function to_numeric at 0x00000087324BD4C0>
2021-07-08,<function to_numeric at 0x00000087324BD4C0>,0.22493,<function to_numeric at 0x00000087324BD4C0>,<function to_numeric at 0x00000087324BD4C0>,0.207597,<function to_numeric at 0x00000087324BD4C0>,<function to_numeric at 0x00000087324BD4C0>
2021-07-09,<function to_numeric at 0x00000087324BD4C0>,0.229139,<function to_numeric at 0x00000087324BD4C0>,<function to_numeric at 0x00000087324BD4C0>,0.219864,<function to_numeric at 0x00000087324BD4C0>,<function to_numeric at 0x00000087324BD4C0>
2021-07-10,<function to_numeric at 0x00000087324BD4C0>,0.227681,<function to_numeric at 0x00000087324BD4C0>,<function to_numeric at 0x00000087324BD4C0>,0.21392,<function to_numeric at 0x00000087324BD4C0>,<function to_numeric at 0x00000087324BD4C0>
2021-07-11,<function to_numeric at 0x00000087324BD4C0>,0.218745,<function to_numeric at 0x00000087324BD4C0>,<function to_numeric at 0x00000087324BD4C0>,0.215856,<function to_numeric at 0x00000087324BD4C0>,<function to_numeric at 0x00000087324BD4C0>
2021-07-12,<function to_numeric at 0x00000087324BD4C0>,0.218965,<function to_numeric at 0x00000087324BD4C0>,<function to_numeric at 0x00000087324BD4C0>,0.208048,<function to_numeric at 0x00000087324BD4C0>,<function to_numeric at 0x00000087324BD4C0>
2021-07-13,<function to_numeric at 0x00000087324BD4C0>,0.208062,<function to_numeric at 0x00000087324BD4C0>,<function to_numeric at 0x00000087324BD4C0>,0.200003,<function to_numeric at 0x00000087324BD4C0>,<function to_numeric at 0x00000087324BD4C0>
2021-07-14,<function to_numeric at 0x00000087324BD4C0>,0.204483,<function to_numeric at 0x00000087324BD4C0>,<function to_numeric at 0x00000087324BD4C0>,0.197324,<function to_numeric at 0x00000087324BD4C0>,<function to_numeric at 0x00000087324BD4C0>
2021-07-15,<function to_numeric at 0x00000087324BD4C0>,0.20084,<function to_numeric at 0x00000087324BD4C0>,<function to_numeric at 0x00000087324BD4C0>,0.184888,<function to_numeric at 0x00000087324BD4C0>,<function to_numeric at 0x00000087324BD4C0>
2021-07-16,<function to_numeric at 0x00000087324BD4C0>,0.188322,<function to_numeric at 0x00000087324BD4C0>,<function to_numeric at 0x00000087324BD4C0>,0.172345,<function to_numeric at 0x00000087324BD4C0>,<function to_numeric at 0x00000087324BD4C0>
2021-07-17,<function to_numeric at 0x00000087324BD4C0>,0.204937,<function to_numeric at 0x00000087324BD4C0>,<function to_numeric at 0x00000087324BD4C0>,0.186125,<function to_numeric at 0x00000087324BD4C0>,<function to_numeric at 0x00000087324BD4C0>
2021-07-18,<function to_numeric at 0x00000087324BD4C0>,0.195788,<function to_numeric at 0x00000087324BD4C0>,<function to_numeric at 0x00000087324BD4C0>,0.182233,<function to_numeric at 0x00000087324BD4C0>,<function to_numeric at 0x00000087324BD4C0>
2021-07-19,<function to_numeric at 0x00000087324BD4C0>,0.18395,<function to_numeric at 0x00000087324BD4C0>,<function to_numeric at 0x00000087324BD4C0>,0.173556,<function to_numeric at 0x00000087324BD4C0>,<function to_numeric at 0x00000087324BD4C0>
2021-07-20,<function to_numeric at 0x00000087324BD4C0>,0.178895,<function to_numeric at 0x00000087324BD4C0>,<function to_numeric at 0x00000087324BD4C0>,0.170801,<function to_numeric at 0x00000087324BD4C0>,<function to_numeric at 0x00000087324BD4C0>
2021-07-21,<function to_numeric at 0x00000087324BD4C0>,0.21421,<function to_numeric at 0x00000087324BD4C0>,<function to_numeric at 0x00000087324BD4C0>,0.190349,<function to_numeric at 0x00000087324BD4C0>,<function to_numeric at 0x00000087324BD4C0>
2021-07-22,<function to_numeric at 0x00000087324BD4C0>,0.196404,<function to_numeric at 0x00000087324BD4C0>,<function to_numeric at 0x00000087324BD4C0>,0.191303,<function to_numeric at 0x00000087324BD4C0>,<function to_numeric at 0x00000087324BD4C0>
2021-07-23,<function to_numeric at 0x00000087324BD4C0>,0.199531,<function to_numeric at 0x00000087324BD4C0>,<function to_numeric at 0x00000087324BD4C0>,0.194764,<function to_numeric at 0x00000087324BD4C0>,<function to_numeric at 0x00000087324BD4C0>
2021-07-24,<function to_numeric at 0x00000087324BD4C0>,0.204369,<function to_numeric at 0x00000087324BD4C0>,<function to_numeric at 0x00000087324BD4C0>,0.197319,<function to_numeric at 0x00000087324BD4C0>,<function to_numeric at 0x00000087324BD4C0>
2021-07-25,<function to_numeric at 0x00000087324BD4C0>,0.200451,<function to_numeric at 0x00000087324BD4C0>,<function to_numeric at 0x00000087324BD4C0>,0.197864,<function to_numeric at 0x00000087324BD4C0>,<function to_numeric at 0x00000087324BD4C0>
2021-07-26,<function to_numeric at 0x00000087324BD4C0>,0.232767,<function to_numeric at 0x00000087324BD4C0>,<function to_numeric at 0x00000087324BD4C0>,0.204419,<function to_numeric at 0x00000087324BD4C0>,<function to_numeric at 0x00000087324BD4C0>
2021-07-27,<function to_numeric at 0x00000087324BD4C0>,0.209293,<function to_numeric at 0x00000087324BD4C0>,<function to_numeric at 0x00000087324BD4C0>,0.205899,<function to_numeric at 0x00000087324BD4C0>,<function to_numeric at 0x00000087324BD4C0>
2021-07-28,<function to_numeric at 0x00000087324BD4C0>,0.213746,<function to_numeric at 0x00000087324BD4C0>,<function to_numeric at 0x00000087324BD4C0>,0.205392,<function to_numeric at 0x00000087324BD4C0>,<function to_numeric at 0x00000087324BD4C0>
2021-07-29,<function to_numeric at 0x00000087324BD4C0>,0.206355,<function to_numeric at 0x00000087324BD4C0>,<function to_numeric at 0x00000087324BD4C0>,0.204619,<function to_numeric at 0x00000087324BD4C0>,<function to_numeric at 0x00000087324BD4C0>
2021-07-30,<function to_numeric at 0x00000087324BD4C0>,0.210643,<function to_numeric at 0x00000087324BD4C0>,<function to_numeric at 0x00000087324BD4C0>,0.208821,<function to_numeric at 0x00000087324BD4C0>,<function to_numeric at 0x00000087324BD4C0>
2021-07-31,<function to_numeric at 0x00000087324BD4C0>,0.214345,<function to_numeric at 0x00000087324BD4C0>,<function to_numeric at 0x00000087324BD4C0>,0.208314,<function to_numeric at 0x00000087324BD4C0>,<function to_numeric at 0x00000087324BD4C0>
2021-08-01,<function to_numeric at 0x00000087324BD4C0>,0.217611,<function to_numeric at 0x00000087324BD4C0>,<function to_numeric at 0x00000087324BD4C0>,0.204437,<function to_numeric at 0x00000087324BD4C0>,<function to_numeric at 0x00000087324BD4C0>
2021-08-02,<function to_numeric at 0x00000087324BD4C0>,0.209959,<function to_numeric at 0x00000087324BD4C0>,<function to_numeric at 0x00000087324BD4C0>,0.2036,<function to_numeric at 0x00000087324BD4C0>,<function to_numeric at 0x00000087324BD4C0>
2021-08-03,<function to_numeric at 0x00000087324BD4C0>,0.205077,<function to_numeric at 0x00000087324BD4C0>,<function to_numeric at 0x00000087324BD4C0>,0.195967,<function to_numeric at 0x00000087324BD4C0>,<function to_numeric at 0x00000087324BD4C0>
2021-08-04,<function to_numeric at 0x00000087324BD4C0>,0.20311,<function to_numeric at 0x00000087324BD4C0>,<function to_numeric at 0x00000087324BD4C0>,0.20149,<function to_numeric at 0x00000087324BD4C0>,<function to_numeric at 0x00000087324BD4C0>
2021-08-05,<function to_numeric at 0x00000087324BD4C0>,0.202513,<function to_numeric at 0x00000087324BD4C0>,<function to_numeric at 0x00000087324BD4C0>,0.200974,<function to_numeric at 0x00000087324BD4C0>,<function to_numeric at 0x00000087324BD4C0>
2021-08-06,<function to_numeric at 0x00000087324BD4C0>,0.211756,<function to_numeric at 0x00000087324BD4C0>,<function to_numeric at 0x00000087324BD4C0>,0.204688,<function to_numeric at 0x00000087324BD4C0>,<function to_numeric at 0x00000087324BD4C0>
2021-08-07,<function to_numeric at 0x00000087324BD4C0>,0.26199,<function to_numeric at 0x00000087324BD4C0>,<function to_numeric at 0x00000087324BD4C0>,0.260341,<function to_numeric at 0x00000087324BD4C0>,<function to_numeric at 0x00000087324BD4C0>
2021-08-08,<function to_numeric at 0x00000087324BD4C0>,0.281379,<function to_numeric at 0x00000087324BD4C0>,<function to_numeric at 0x00000087324BD4C0>,0.240045,<function to_numeric at 0x00000087324BD4C0>,<function to_numeric at 0x00000087324BD4C0>
2021-08-09,<function to_numeric at 0x00000087324BD4C0>,0.266265,<function to_numeric at 0x00000087324BD4C0>,<function to_numeric at 0x00000087324BD4C0>,0.256897,<function to_numeric at 0x00000087324BD4C0>,<function to_numeric at 0x00000087324BD4C0>
2021-08-10,<function to_numeric at 0x00000087324BD4C0>,0.262791,<function to_numeric at 0x00000087324BD4C0>,<function to_numeric at 0x00000087324BD4C0>,0.257325,<function to_numeric at 0x00000087324BD4C0>,<function to_numeric at 0x00000087324BD4C0>
2021-08-11,<function to_numeric at 0x00000087324BD4C0>,0.282482,<function to_numeric at 0x00000087324BD4C0>,<function to_numeric at 0x00000087324BD4C0>,0.265263,<function to_numeric at 0x00000087324BD4C0>,<function to_numeric at 0x00000087324BD4C0>
2021-08-12,<function to_numeric at 0x00000087324BD4C0>,0.294142,<function to_numeric at 0x00000087324BD4C0>,<function to_numeric at 0x00000087324BD4C0>,0.263921,<function to_numeric at 0x00000087324BD4C0>,<function to_numeric at 0x00000087324BD4C0>
2021-08-13,<function to_numeric at 0x00000087324BD4C0>,0.287188,<function to_numeric at 0x00000087324BD4C0>,<function to_numeric at 0x00000087324BD4C0>,0.286808,<function to_numeric at 0x00000087324BD4C0>,<function to_numeric at 0x00000087324BD4C0>
2021-08-14,<function to_numeric at 0x00000087324BD4C0>,0.298456,<function to_numeric at 0x00000087324BD4C0>,<function to_numeric at 0x00000087324BD4C0>,0.293113,<function to_numeric at 0x00000087324BD4C0>,<function to_numeric at 0x00000087324BD4C0>
2021-08-15,<function to_numeric at 0x00000087324BD4C0>,0.348722,<function to_numeric at 0x00000087324BD4C0>,<function to_numeric at 0x00000087324BD4C0>,0.341441,<function to_numeric at 0x00000087324BD4C0>,<function to_numeric at 0x00000087324BD4C0>
2021-08-16,<function to_numeric at 0x00000087324BD4C0>,0.350953,<function to_numeric at 0x00000087324BD4C0>,<function to_numeric at 0x00000087324BD4C0>,0.320715,<function to_numeric at 0x00000087324BD4C0>,<function to_numeric at 0x00000087324BD4C0>
2021-08-17,<function to_numeric at 0x00000087324BD4C0>,0.339462,<function to_numeric at 0x00000087324BD4C0>,<function to_numeric at 0x00000087324BD4C0>,0.299442,<function to_numeric at 0x00000087324BD4C0>,<function to_numeric at 0x00000087324BD4C0>
2021-08-18,<function to_numeric at 0x00000087324BD4C0>,0.324227,<function to_numeric at 0x00000087324BD4C0>,<function to_numeric at 0x00000087324BD4C0>,0.303739,<function to_numeric at 0x00000087324BD4C0>,<function to_numeric at 0x00000087324BD4C0>
2021-08-19,<function to_numeric at 0x00000087324BD4C0>,0.319018,<function to_numeric at 0x00000087324BD4C0>,<function to_numeric at 0x00000087324BD4C0>,0.317144,<function to_numeric at 0x00000087324BD4C0>,<function to_numeric at 0x00000087324BD4C0>
2021-08-20,<function to_numeric at 0x00000087324BD4C0>,0.333223,<function to_numeric at 0x00000087324BD4C0>,<function to_numeric at 0x00000087324BD4C0>,0.327491,<function to_numeric at 0x00000087324BD4C0>,<function to_numeric at 0x00000087324BD4C0>
2021-08-21,<function to_numeric at 0x00000087324BD4C0>,0.329356,<function to_numeric at 0x00000087324BD4C0>,<function to_numeric at 0x00000087324BD4C0>,0.316797,<function to_numeric at 0x00000087324BD4C0>,<function to_numeric at 0x00000087324BD4C0>
2021-08-22,<function to_numeric at 0x00000087324BD4C0>,0.321541,<function to_numeric at 0x00000087324BD4C0>,<function to_numeric at 0x00000087324BD4C0>,0.314963,<function to_numeric at 0x00000087324BD4C0>,<function to_numeric at 0x00000087324BD4C0>
2021-08-23,<function to_numeric at 0x00000087324BD4C0>,0.328094,<function to_numeric at 0x00000087324BD4C0>,<function to_numeric at 0x00000087324BD4C0>,0.317914,<function to_numeric at 0x00000087324BD4C0>,<function to_numeric at 0x00000087324BD4C0>
2021-08-24,<function to_numeric at 0x00000087324BD4C0>,0.319757,<function to_numeric at 0x00000087324BD4C0>,<function to_numeric at 0x00000087324BD4C0>,0.288739,<function to_numeric at 0x00000087324BD4C0>,<function to_numeric at 0x00000087324BD4C0>
2021-08-25,<function to_numeric at 0x00000087324BD4C0>,0.296815,<function to_numeric at 0x00000087324BD4C0>,<function to_numeric at 0x00000087324BD4C0>,0.292226,<function to_numeric at 0x00000087324BD4C0>,<function to_numeric at 0x00000087324BD4C0>
2021-08-26,<function to_numeric at 0x00000087324BD4C0>,0.296002,<function to_numeric at 0x00000087324BD4C0>,<function to_numeric at 0x00000087324BD4C0>,0.268909,<function to_numeric at 0x00000087324BD4C0>,<function to_numeric at 0x00000087324BD4C0>
2021-08-27,<function to_numeric at 0x00000087324BD4C0>,0.294845,<function to_numeric at 0x00000087324BD4C0>,<function to_numeric at 0x00000087324BD4C0>,0.294433,<function to_numeric at 0x00000087324BD4C0>,<function to_numeric at 0x00000087324BD4C0>
2021-08-28,<function to_numeric at 0x00000087324BD4C0>,0.29917,<function to_numeric at 0x00000087324BD4C0>,<function to_numeric at 0x00000087324BD4C0>,0.285629,<function to_numeric at 0x00000087324BD4C0>,<function to_numeric at 0x00000087324BD4C0>
2021-08-29,<function to_numeric at 0x00000087324BD4C0>,0.291663,<function to_numeric at 0x00000087324BD4C0>,<function to_numeric at 0x00000087324BD4C0>,0.281125,<function to_numeric at 0x00000087324BD4C0>,<function to_numeric at 0x00000087324BD4C0>
2021-08-30,<function to_numeric at 0x00000087324BD4C0>,0.289559,<function to_numeric at 0x00000087324BD4C0>,<function to_numeric at 0x00000087324BD4C0>,0.272125,<function to_numeric at 0x00000087324BD4C0>,<function to_numeric at 0x00000087324BD4C0>
2021-08-31,<function to_numeric at 0x00000087324BD4C0>,0.285819,<function to_numeric at 0x00000087324BD4C0>,<function to_numeric at 0x00000087324BD4C0>,0.278453,<function to_numeric at 0x00000087324BD4C0>,<function to_numeric at 0x00000087324BD4C0>
2021-09-01,<function to_numeric at 0x00000087324BD4C0>,0.294889,<function to_numeric at 0x00000087324BD4C0>,<function to_numeric at 0x00000087324BD4C0>,0.294401,<function to_numeric at 0x00000087324BD4C0>,<function to_numeric at 0x00000087324BD4C0>
2021-09-02,<function to_numeric at 0x00000087324BD4C0>,0.309227,<function to_numeric at 0x00000087324BD4C0>,<function to_numeric at 0x00000087324BD4C0>,0.295955,<function to_numeric at 0x00000087324BD4C0>,<function to_numeric at 0x00000087324BD4C0>
2021-09-03,<function to_numeric at 0x00000087324BD4C0>,0.304494,<function to_numeric at 0x00000087324BD4C0>,<function to_numeric at 0x00000087324BD4C0>,0.296273,<function to_numeric at 0x00000087324BD4C0>,<function to_numeric at 0x00000087324BD4C0>
2021-09-04,<function to_numeric at 0x00000087324BD4C0>,0.308731,<function to_numeric at 0x00000087324BD4C0>,<function to_numeric at 0x00000087324BD4C0>,0.299388,<function to_numeric at 0x00000087324BD4C0>,<function to_numeric at 0x00000087324BD4C0>
2021-09-05,<function to_numeric at 0x00000087324BD4C0>,0.315009,<function to_numeric at 0x00000087324BD4C0>,<function to_numeric at 0x00000087324BD4C0>,0.314527,<function to_numeric at 0x00000087324BD4C0>,<function to_numeric at 0x00000087324BD4C0>
2021-09-06,<function to_numeric at 0x00000087324BD4C0>,0.319751,<function to_numeric at 0x00000087324BD4C0>,<function to_numeric at 0x00000087324BD4C0>,0.308765,<function to_numeric at 0x00000087324BD4C0>,<function to_numeric at 0x00000087324BD4C0>
2021-09-07,<function to_numeric at 0x00000087324BD4C0>,0.31103,<function to_numeric at 0x00000087324BD4C0>,<function to_numeric at 0x00000087324BD4C0>,0.253744,<function to_numeric at 0x00000087324BD4C0>,<function to_numeric at 0x00000087324BD4C0>
2021-09-08,<function to_numeric at 0x00000087324BD4C0>,0.26329,<function to_numeric at 0x00000087324BD4C0>,<function to_numeric at 0x00000087324BD4C0>,0.257113,<function to_numeric at 0x00000087324BD4C0>,<function to_numeric at 0x00000087324BD4C0>
2021-09-09,<function to_numeric at 0x00000087324BD4C0>,0.259558,<function to_numeric at 0x00000087324BD4C0>,<function to_numeric at 0x00000087324BD4C0>,0.252596,<function to_numeric at 0x00000087324BD4C0>,<function to_numeric at 0x00000087324BD4C0>
2021-09-10,<function to_numeric at 0x00000087324BD4C0>,0.261622,<function to_numeric at 0x00000087324BD4C0>,<function to_numeric at 0x00000087324BD4C0>,0.239982,<function to_numeric at 0x00000087324BD4C0>,<function to_numeric at 0x00000087324BD4C0>
2021-09-11,<function to_numeric at 0x00000087324BD4C0>,0.248018,<function to_numeric at 0x00000087324BD4C0>,<function to_numeric at 0x00000087324BD4C0>,0.241432,<function to_numeric at 0x00000087324BD4C0>,<function to_numeric at 0x00000087324BD4C0>
2021-09-12,<function to_numeric at 0x00000087324BD4C0>,0.254794,<function to_numeric at 0x00000087324BD4C0>,<function to_numeric at 0x00000087324BD4C0>,0.250617,<function to_numeric at 0x00000087324BD4C0>,<function to_numeric at 0x00000087324BD4C0>
2021-09-13,<function to_numeric at 0x00000087324BD4C0>,0.252031,<function to_numeric at 0x00000087324BD4C0>,<function to_numeric at 0x00000087324BD4C0>,0.235906,<function to_numeric at 0x00000087324BD4C0>,<function to_numeric at 0x00000087324BD4C0>
2021-09-14,<function to_numeric at 0x00000087324BD4C0>,0.241678,<function to_numeric at 0x00000087324BD4C0>,<function to_numeric at 0x00000087324BD4C0>,0.240709,<function to_numeric at 0x00000087324BD4C0>,<function to_numeric at 0x00000087324BD4C0>
2021-09-15,<function to_numeric at 0x00000087324BD4C0>,0.248322,<function to_numeric at 0x00000087324BD4C0>,<function to_numeric at 0x00000087324BD4C0>,0.247697,<function to_numeric at 0x00000087324BD4C0>,<function to_numeric at 0x00000087324BD4C0>
2021-09-16,<function to_numeric at 0x00000087324BD4C0>,0.247733,<function to_numeric at 0x00000087324BD4C0>,<function to_numeric at 0x00000087324BD4C0>,0.242555,<function to_numeric at 0x00000087324BD4C0>,<function to_numeric at 0x00000087324BD4C0>
2021-09-17,<function to_numeric at 0x00000087324BD4C0>,0.259535,<function to_numeric at 0x00000087324BD4C0>,<function to_numeric at 0x00000087324BD4C0>,0.23993,<function to_numeric at 0x00000087324BD4C0>,<function to_numeric at 0x00000087324BD4C0>
2021-09-18,<function to_numeric at 0x00000087324BD4C0>,0.247328,<function to_numeric at 0x00000087324BD4C0>,<function to_numeric at 0x00000087324BD4C0>,0.241386,<function to_numeric at 0x00000087324BD4C0>,<function to_numeric at 0x00000087324BD4C0>
2021-09-19,<function to_numeric at 0x00000087324BD4C0>,0.241285,<function to_numeric at 0x00000087324BD4C0>,<function to_numeric at 0x00000087324BD4C0>,0.233142,<function to_numeric at 0x00000087324BD4C0>,<function to_numeric at 0x00000087324BD4C0>
2021-09-20,<function to_numeric at 0x00000087324BD4C0>,0.233606,<function to_numeric at 0x00000087324BD4C0>,<function to_numeric at 0x00000087324BD4C0>,0.207071,<function to_numeric at 0x00000087324BD4C0>,<function to_numeric at 0x00000087324BD4C0>
2021-09-21,<function to_numeric at 0x00000087324BD4C0>,0.218094,<function to_numeric at 0x00000087324BD4C0>,<function to_numeric at 0x00000087324BD4C0>,0.201027,<function to_numeric at 0x00000087324BD4C0>,<function to_numeric at 0x00000087324BD4C0>
2021-09-22,<function to_numeric at 0x00000087324BD4C0>,0.229423,<function to_numeric at 0x00000087324BD4C0>,<function to_numeric at 0x00000087324BD4C0>,0.224858,<function to_numeric at 0x00000087324BD4C0>,<function to_numeric at 0x00000087324BD4C0>
2021-09-23,<function to_numeric at 0x00000087324BD4C0>,0.227095,<function to_numeric at 0x00000087324BD4C0>,<function to_numeric at 0x00000087324BD4C0>,0.224832,<function to_numeric at 0x00000087324BD4C0>,<function to_numeric at 0x00000087324BD4C0>
2021-09-24,<function to_numeric at 0x00000087324BD4C0>,0.228267,<function to_numeric at 0x00000087324BD4C0>,<function to_numeric at 0x00000087324BD4C0>,0.209451,<function to_numeric at 0x00000087324BD4C0>,<function to_numeric at 0x00000087324BD4C0>
2021-09-25,<function to_numeric at 0x00000087324BD4C0>,0.212604,<function to_numeric at 0x00000087324BD4C0>,<function to_numeric at 0x00000087324BD4C0>,0.20864,<function to_numeric at 0x00000087324BD4C0>,<function to_numeric at 0x00000087324BD4C0>
2021-09-26,<function to_numeric at 0x00000087324BD4C0>,0.209068,<function to_numeric at 0x00000087324BD4C0>,<function to_numeric at 0x00000087324BD4C0>,0.204962,<function to_numeric at 0x00000087324BD4C0>,<function to_numeric at 0x00000087324BD4C0>
2021-09-27,<function to_numeric at 0x00000087324BD4C0>,0.209281,<function to_numeric at 0x00000087324BD4C0>,<function to_numeric at 0x00000087324BD4C0>,0.200262,<function to_numeric at 0x00000087324BD4C0>,<function to_numeric at 0x00000087324BD4C0>
2021-09-28,<function to_numeric at 0x00000087324BD4C0>,0.202579,<function to_numeric at 0x00000087324BD4C0>,<function to_numeric at 0x00000087324BD4C0>,0.196804,<function to_numeric at 0x00000087324BD4C0>,<function to_numeric at 0x00000087324BD4C0>
2021-09-29,<function to_numeric at 0x00000087324BD4C0>,0.204144,<function to_numeric at 0x00000087324BD4C0>,<function to_numeric at 0x00000087324BD4C0>,0.198876,<function to_numeric at 0x00000087324BD4C0>,<function to_numeric at 0x00000087324BD4C0>
2021-09-30,<function to_numeric at 0x00000087324BD4C0>,0.205806,<function to_numeric at 0x00000087324BD4C0>,<function to_numeric at 0x00000087324BD4C0>,0.204244,<function to_numeric at 0x00000087324BD4C0>,<function to_numeric at 0x00000087324BD4C0>
2021-10-01,<function to_numeric at 0x00000087324BD4C0>,0.224607,<function to_numeric at 0x00000087324BD4C0>,<function to_numeric at 0x00000087324BD4C0>,0.22301,<function to_numeric at 0x00000087324BD4C0>,<function to_numeric at 0x00000087324BD4C0>
2021-10-02,<function to_numeric at 0x00000087324BD4C0>,0.224955,<function to_numeric at 0x00000087324BD4C0>,<function to_numeric at 0x00000087324BD4C0>,0.219133,<function to_numeric at 0x00000087324BD4C0>,<function to_numeric at 0x00000087324BD4C0>
2021-10-03,<function to_numeric at 0x00000087324BD4C0>,0.226228,<function to_numeric at 0x00000087324BD4C0>,<function to_numeric at 0x00000087324BD4C0>,0.221748,<function to_numeric at 0x00000087324BD4C0>,<function to_numeric at 0x00000087324BD4C0>
2021-10-04,<function to_numeric at 0x00000087324BD4C0>,0.247924,<function to_numeric at 0x00000087324BD4C0>,<function to_numeric at 0x00000087324BD4C0>,0.240852,<function to_numeric at 0x00000087324BD4C0>,<function to_numeric at 0x00000087324BD4C0>
2021-10-05,<function to_numeric at 0x00000087324BD4C0>,0.267787,<function to_numeric at 0x00000087324BD4C0>,<function to_numeric at 0x00000087324BD4C0>,0.252016,<function to_numeric at 0x00000087324BD4C0>,<function to_numeric at 0x00000087324BD4C0>
2021-10-06,<function to_numeric at 0x00000087324BD4C0>,0.271509,<function to_numeric at 0x00000087324BD4C0>,<function to_numeric at 0x00000087324BD4C0>,0.255134,<function to_numeric at 0x00000087324BD4C0>,<function to_numeric at 0x00000087324BD4C0>
2021-10-07,<function to_numeric at 0x00000087324BD4C0>,0.256739,<function to_numeric at 0x00000087324BD4C0>,<function to_numeric at 0x00000087324BD4C0>,0.242923,<function to_numeric at 0x00000087324BD4C0>,<function to_numeric at 0x00000087324BD4C0>
2021-10-08,<function to_numeric at 0x00000087324BD4C0>,0.254764,<function to_numeric at 0x00000087324BD4C0>,<function to_numeric at 0x00000087324BD4C0>,0.243851,<function to_numeric at 0x00000087324BD4C0>,<function to_numeric at 0x00000087324BD4C0>
2021-10-09,<function to_numeric at 0x00000087324BD4C0>,0.251966,<function to_numeric at 0x00000087324BD4C0>,<function to_numeric at 0x00000087324BD4C0>,0.246596,<function to_numeric at 0x00000087324BD4C0>,<function to_numeric at 0x00000087324BD4C0>
2021-10-10,<function to_numeric at 0x00000087324BD4C0>,0.248663,<function to_numeric at 0x00000087324BD4C0>,<function to_numeric at 0x00000087324BD4C0>,0.229805,<function to_numeric at 0x00000087324BD4C0>,<function to_numeric at 0x00000087324BD4C0>
2021-10-11,<function to_numeric at 0x00000087324BD4C0>,0.239381,<function to_numeric at 0x00000087324BD4C0>,<function to_numeric at 0x00000087324BD4C0>,0.231503,<function to_numeric at 0x00000087324BD4C0>,<function to_numeric at 0x00000087324BD4C0>
2021-10-12,<function to_numeric at 0x00000087324BD4C0>,0.231718,<function to_numeric at 0x00000087324BD4C0>,<function to_numeric at 0x00000087324BD4C0>,0.226242,<function to_numeric at 0x00000087324BD4C0>,<function to_numeric at 0x00000087324BD4C0>
2021-10-14,<function to_numeric at 0x00000087324BD4C0>,0.23988,<function to_numeric at 0x00000087324BD4C0>,<function to_numeric at 0x00000087324BD4C0>,0.232273,<function to_numeric at 0x00000087324BD4C0>,<function to_numeric at 0x00000087324BD4C0>
2021-10-15,<function to_numeric at 0x00000087324BD4C0>,0.243469,<function to_numeric at 0x00000087324BD4C0>,<function to_numeric at 0x00000087324BD4C0>,0.233782,<function to_numeric at 0x00000087324BD4C0>,<function to_numeric at 0x00000087324BD4C0>
2021-10-16,<function to_numeric at 0x00000087324BD4C0>,0.244447,<function to_numeric at 0x00000087324BD4C0>,<function to_numeric at 0x00000087324BD4C0>,0.237292,<function to_numeric at 0x00000087324BD4C0>,<function to_numeric at 0x00000087324BD4C0>
2021-10-17,<function to_numeric at 0x00000087324BD4C0>,0.241973,<function to_numeric at 0x00000087324BD4C0>,<function to_numeric at 0x00000087324BD4C0>,0.237898,<function to_numeric at 0x00000087324BD4C0>,<function to_numeric at 0x00000087324BD4C0>
2021-10-18,<function to_numeric at 0x00000087324BD4C0>,0.271394,<function to_numeric at 0x00000087324BD4C0>,<function to_numeric at 0x00000087324BD4C0>,0.247281,<function to_numeric at 0x00000087324BD4C0>,<function to_numeric at 0x00000087324BD4C0>
2021-10-19,<function to_numeric at 0x00000087324BD4C0>,0.254611,<function to_numeric at 0x00000087324BD4C0>,<function to_numeric at 0x00000087324BD4C0>,0.245788,<function to_numeric at 0x00000087324BD4C0>,<function to_numeric at 0x00000087324BD4C0>
2021-10-20,<function to_numeric at 0x00000087324BD4C0>,0.261555,<function to_numeric at 0x00000087324BD4C0>,<function to_numeric at 0x00000087324BD4C0>,0.254093,<function to_numeric at 0x00000087324BD4C0>,<function to_numeric at 0x00000087324BD4C0>
2021-10-21,<function to_numeric at 0x00000087324BD4C0>,0.258261,<function to_numeric at 0x00000087324BD4C0>,<function to_numeric at 0x00000087324BD4C0>,0.242391,<function to_numeric at 0x00000087324BD4C0>,<function to_numeric at 0x00000087324BD4C0>
2021-10-22,<function to_numeric at 0x00000087324BD4C0>,0.252772,<function to_numeric at 0x00000087324BD4C0>,<function to_numeric at 0x00000087324BD4C0>,0.244221,<function to_numeric at 0x00000087324BD4C0>,<function to_numeric at 0x00000087324BD4C0>
2021-10-23,<function to_numeric at 0x00000087324BD4C0>,0.25314,<function to_numeric at 0x00000087324BD4C0>,<function to_numeric at 0x00000087324BD4C0>,0.251733,<function to_numeric at 0x00000087324BD4C0>,<function to_numeric at 0x00000087324BD4C0>
2021-10-24,<function to_numeric at 0x00000087324BD4C0>,0.281935,<function to_numeric at 0x00000087324BD4C0>,<function to_numeric at 0x00000087324BD4C0>,0.277048,<function to_numeric at 0x00000087324BD4C0>,<function to_numeric at 0x00000087324BD4C0>
2021-10-25,<function to_numeric at 0x00000087324BD4C0>,0.279472,<function to_numeric at 0x00000087324BD4C0>,<function to_numeric at 0x00000087324BD4C0>,0.264707,<function to_numeric at 0x00000087324BD4C0>,<function to_numeric at 0x00000087324BD4C0>
2021-10-26,<function to_numeric at 0x00000087324BD4C0>,0.274317,<function to_numeric at 0x00000087324BD4C0>,<function to_numeric at 0x00000087324BD4C0>,0.255732,<function to_numeric at 0x00000087324BD4C0>,<function to_numeric at 0x00000087324BD4C0>
2021-10-27,<function to_numeric at 0x00000087324BD4C0>,0.263317,<function to_numeric at 0x00000087324BD4C0>,<function to_numeric at 0x00000087324BD4C0>,0.23769,<function to_numeric at 0x00000087324BD4C0>,<function to_numeric at 0x00000087324BD4C0>
2021-10-28,<function to_numeric at 0x00000087324BD4C0>,0.338843,<function to_numeric at 0x00000087324BD4C0>,<function to_numeric at 0x00000087324BD4C0>,0.300447,<function to_numeric at 0x00000087324BD4C0>,<function to_numeric at 0x00000087324BD4C0>
2021-10-29,<function to_numeric at 0x00000087324BD4C0>,0.306312,<function to_numeric at 0x00000087324BD4C0>,<function to_numeric at 0x00000087324BD4C0>,0.287853,<function to_numeric at 0x00000087324BD4C0>,<function to_numeric at 0x00000087324BD4C0>
2021-10-30,<function to_numeric at 0x00000087324BD4C0>,0.294647,<function to_numeric at 0x00000087324BD4C0>,<function to_numeric at 0x00000087324BD4C0>,0.268345,<function to_numeric at 0x00000087324BD4C0>,<function to_numeric at 0x00000087324BD4C0>
2021-10-31,<function to_numeric at 0x00000087324BD4C0>,0.284707,<function to_numeric at 0x00000087324BD4C0>,<function to_numeric at 0x00000087324BD4C0>,0.280244,<function to_numeric at 0x00000087324BD4C0>,<function to_numeric at 0x00000087324BD4C0>
2021-11-01,<function to_numeric at 0x00000087324BD4C0>,0.285551,<function to_numeric at 0x00000087324BD4C0>,<function to_numeric at 0x00000087324BD4C0>,0.271728,<function to_numeric at 0x00000087324BD4C0>,<function to_numeric at 0x00000087324BD4C0>
2021-11-02,<function to_numeric at 0x00000087324BD4C0>,0.280686,<function to_numeric at 0x00000087324BD4C0>,<function to_numeric at 0x00000087324BD4C0>,0.273121,<function to_numeric at 0x00000087324BD4C0>,<function to_numeric at 0x00000087324BD4C0>
2021-11-03,<function to_numeric at 0x00000087324BD4C0>,0.277104,<function to_numeric at 0x00000087324BD4C0>,<function to_numeric at 0x00000087324BD4C0>,0.269407,<function to_numeric at 0x00000087324BD4C0>,<function to_numeric at 0x00000087324BD4C0>
2021-11-04,<function to_numeric at 0x00000087324BD4C0>,0.270865,<function to_numeric at 0x00000087324BD4C0>,<function to_numeric at 0x00000087324BD4C0>,0.26328,<function to_numeric at 0x00000087324BD4C0>,<function to_numeric at 0x00000087324BD4C0>
2021-11-05,<function to_numeric at 0x00000087324BD4C0>,0.270789,<function to_numeric at 0x00000087324BD4C0>,<function to_numeric at 0x00000087324BD4C0>,0.261465,<function to_numeric at 0x00000087324BD4C0>,<function to_numeric at 0x00000087324BD4C0>
2021-11-06,<function to_numeric at 0x00000087324BD4C0>,0.267697,<function to_numeric at 0x00000087324BD4C0>,<function to_numeric at 0x00000087324BD4C0>,0.261898,<function to_numeric at 0x00000087324BD4C0>,<function to_numeric at 0x00000087324BD4C0>
2021-11-07,<function to_numeric at 0x00000087324BD4C0>,0.269849,<function to_numeric at 0x00000087324BD4C0>,<function to_numeric at 0x00000087324BD4C0>,0.266315,<function to_numeric at 0x00000087324BD4C0>,<function to_numeric at 0x00000087324BD4C0>
2021-11-08,<function to_numeric at 0x00000087324BD4C0>,0.296532,<function to_numeric at 0x00000087324BD4C0>,<function to_numeric at 0x00000087324BD4C0>,0.282359,<function to_numeric at 0x00000087324BD4C0>,<function to_numeric at 0x00000087324BD4C0>
2021-11-09,<function to_numeric at 0x00000087324BD4C0>,0.289668,<function to_numeric at 0x00000087324BD4C0>,<function to_numeric at 0x00000087324BD4C0>,0.273526,<function to_numeric at 0x00000087324BD4C0>,<function to_numeric at 0x00000087324BD4C0>
2021-11-10,<function to_numeric at 0x00000087324BD4C0>,0.276989,<function to_numeric at 0x00000087324BD4C0>,<function to_numeric at 0x00000087324BD4C0>,0.255709,<function to_numeric at 0x00000087324BD4C0>,<function to_numeric at 0x00000087324BD4C0>
2021-11-11,<function to_numeric at 0x00000087324BD4C0>,0.269965,<function to_numeric at 0x00000087324BD4C0>,<function to_numeric at 0x00000087324BD4C0>,0.261167,<function to_numeric at 0x00000087324BD4C0>,<function to_numeric at 0x00000087324BD4C0>
2021-11-12,<function to_numeric at 0x00000087324BD4C0>,0.268437,<function to_numeric at 0x00000087324BD4C0>,<function to_numeric at 0x00000087324BD4C0>,0.259414,<function to_numeric at 0x00000087324BD4C0>,<function to_numeric at 0x00000087324BD4C0>
2021-11-13,<function to_numeric at 0x00000087324BD4C0>,0.262251,<function to_numeric at 0x00000087324BD4C0>,<function to_numeric at 0x00000087324BD4C0>,0.261706,<function to_numeric at 0x00000087324BD4C0>,<function to_numeric at 0x00000087324BD4C0>
2021-11-14,<function to_numeric at 0x00000087324BD4C0>,0.271257,<function to_numeric at 0x00000087324BD4C0>,<function to_numeric at 0x00000087324BD4C0>,0.262912,<function to_numeric at 0x00000087324BD4C0>,<function to_numeric at 0x00000087324BD4C0>
2021-11-15,<function to_numeric at 0x00000087324BD4C0>,0.26517,<function to_numeric at 0x00000087324BD4C0>,<function to_numeric at 0x00000087324BD4C0>,0.256529,<function to_numeric at 0x00000087324BD4C0>,<function to_numeric at 0x00000087324BD4C0>
2021-11-16,<function to_numeric at 0x00000087324BD4C0>,0.257094,<function to_numeric at 0x00000087324BD4C0>,<function to_numeric at 0x00000087324BD4C0>,0.237249,<function to_numeric at 0x00000087324BD4C0>,<function to_numeric at 0x00000087324BD4C0>
2021-11-17,<function to_numeric at 0x00000087324BD4C0>,0.240906,<function to_numeric at 0x00000087324BD4C0>,<function to_numeric at 0x00000087324BD4C0>,0.237487,<function to_numeric at 0x00000087324BD4C0>,<function to_numeric at 0x00000087324BD4C0>
2021-11-18,<function to_numeric at 0x00000087324BD4C0>,0.241091,<function to_numeric at 0x00000087324BD4C0>,<function to_numeric at 0x00000087324BD4C0>,0.221383,<function to_numeric at 0x00000087324BD4C0>,<function to_numeric at 0x00000087324BD4C0>
2021-11-19,<function to_numeric at 0x00000087324BD4C0>,0.236832,<function to_numeric at 0x00000087324BD4C0>,<function to_numeric at 0x00000087324BD4C0>,0.23311,<function to_numeric at 0x00000087324BD4C0>,<function to_numeric at 0x00000087324BD4C0>
2021-11-20,<function to_numeric at 0x00000087324BD4C0>,0.235953,<function to_numeric at 0x00000087324BD4C0>,<function to_numeric at 0x00000087324BD4C0>,0.233024,<function to_numeric at 0x00000087324BD4C0>,<function to_numeric at 0x00000087324BD4C0>
2021-11-21,<function to_numeric at 0x00000087324BD4C0>,0.23335,<function to_numeric at 0x00000087324BD4C0>,<function to_numeric at 0x00000087324BD4C0>,0.226328,<function to_numeric at 0x00000087324BD4C0>,<function to_numeric at 0x00000087324BD4C0>
2021-11-22,<function to_numeric at 0x00000087324BD4C0>,0.227531,<function to_numeric at 0x00000087324BD4C0>,<function to_numeric at 0x00000087324BD4C0>,0.219676,<function to_numeric at 0x00000087324BD4C0>,<function to_numeric at 0x00000087324BD4C0>
2021-11-23,<function to_numeric at 0x00000087324BD4C0>,0.236201,<function to_numeric at 0x00000087324BD4C0>,<function to_numeric at 0x00000087324BD4C0>,0.226512,<function to_numeric at 0x00000087324BD4C0>,<function to_numeric at 0x00000087324BD4C0>
2021-11-24,<function to_numeric at 0x00000087324BD4C0>,0.230245,<function to_numeric at 0x00000087324BD4C0>,<function to_numeric at 0x00000087324BD4C0>,0.221825,<function to_numeric at 0x00000087324BD4C0>,<function to_numeric at 0x00000087324BD4C0>
2021-11-25,<function to_numeric at 0x00000087324BD4C0>,0.22881,<function to_numeric at 0x00000087324BD4C0>,<function to_numeric at 0x00000087324BD4C0>,0.216326,<function to_numeric at 0x00000087324BD4C0>,<function to_numeric at 0x00000087324BD4C0>
2021-11-26,<function to_numeric at 0x00000087324BD4C0>,0.221759,<function to_numeric at 0x00000087324BD4C0>,<function to_numeric at 0x00000087324BD4C0>,0.200887,<function to_numeric at 0x00000087324BD4C0>,<function to_numeric at 0x00000087324BD4C0>
2021-11-27,<function to_numeric at 0x00000087324BD4C0>,0.209613,<function to_numeric at 0x00000087324BD4C0>,<function to_numeric at 0x00000087324BD4C0>,0.205347,<function to_numeric at 0x00000087324BD4C0>,<function to_numeric at 0x00000087324BD4C0>
2021-11-28,<function to_numeric at 0x00000087324BD4C0>,0.207472,<function to_numeric at 0x00000087324BD4C0>,<function to_numeric at 0x00000087324BD4C0>,0.207472,<function to_numeric at 0x00000087324BD4C0>,<function to_numeric at 0x00000087324BD4C0>
2021-11-29,<function to_numeric at 0x00000087324BD4C0>,0.223692,<function to_numeric at 0x00000087324BD4C0>,<function to_numeric at 0x00000087324BD4C0>,0.215175,<function to_numeric at 0x00000087324BD4C0>,<function to_numeric at 0x00000087324BD4C0>
2021-11-30,<function to_numeric at 0x00000087324BD4C0>,0.22689,<function to_numeric at 0x00000087324BD4C0>,<function to_numeric at 0x00000087324BD4C0>,0.214715,<function to_numeric at 0x00000087324BD4C0>,<function to_numeric at 0x00000087324BD4C0>
2021-12-01,<function to_numeric at 0x00000087324BD4C0>,0.218496,<function to_numeric at 0x00000087324BD4C0>,<function to_numeric at 0x00000087324BD4C0>,0.209487,<function to_numeric at 0x00000087324BD4C0>,<function to_numeric at 0x00000087324BD4C0>
2021-12-02,<function to_numeric at 0x00000087324BD4C0>,0.223011,<function to_numeric at 0x00000087324BD4C0>,<function to_numeric at 0x00000087324BD4C0>,0.209726,<function to_numeric at 0x00000087324BD4C0>,<function to_numeric at 0x00000087324BD4C0>
2021-12-03,<function to_numeric at 0x00000087324BD4C0>,0.211991,<function to_numeric at 0x00000087324BD4C0>,<function to_numeric at 0x00000087324BD4C0>,0.199993,<function to_numeric at 0x00000087324BD4C0>,<function to_numeric at 0x00000087324BD4C0>
2021-12-04,<function to_numeric at 0x00000087324BD4C0>,0.200562,<function to_numeric at 0x00000087324BD4C0>,<function to_numeric at 0x00000087324BD4C0>,0.178853,<function to_numeric at 0x00000087324BD4C0>,<function to_numeric at 0x00000087324BD4C0>
2021-12-05,<function to_numeric at 0x00000087324BD4C0>,0.181133,<function to_numeric at 0x00000087324BD4C0>,<function to_numeric at 0x00000087324BD4C0>,0.171255,<function to_numeric at 0x00000087324BD4C0>,<function to_numeric at 0x00000087324BD4C0>
2021-12-06,<function to_numeric at 0x00000087324BD4C0>,0.180527,<function to_numeric at 0x00000087324BD4C0>,<function to_numeric at 0x00000087324BD4C0>,0.1784,<function to_numeric at 0x00000087324BD4C0>,<function to_numeric at 0x00000087324BD4C0>
2021-12-07,<function to_numeric at 0x00000087324BD4C0>,0.183539,<function to_numeric at 0x00000087324BD4C0>,<function to_numeric at 0x00000087324BD4C0>,0.176805,<function to_numeric at 0x00000087324BD4C0>,<function to_numeric at 0x00000087324BD4C0>
2021-12-08,<function to_numeric at 0x00000087324BD4C0>,0.182168,<function to_numeric at 0x00000087324BD4C0>,<function to_numeric at 0x00000087324BD4C0>,0.179151,<function to_numeric at 0x00000087324BD4C0>,<function to_numeric at 0x00000087324BD4C0>
2021-12-09,<function to_numeric at 0x00000087324BD4C0>,0.18189,<function to_numeric at 0x00000087324BD4C0>,<function to_numeric at 0x00000087324BD4C0>,0.169484,<function to_numeric at 0x00000087324BD4C0>,<function to_numeric at 0x00000087324BD4C0>
2021-12-10,<function to_numeric at 0x00000087324BD4C0>,0.17461,<function to_numeric at 0x00000087324BD4C0>,<function to_numeric at 0x00000087324BD4C0>,0.164422,<function to_numeric at 0x00000087324BD4C0>,<function to_numeric at 0x00000087324BD4C0>
2021-12-11,<function to_numeric at 0x00000087324BD4C0>,0.17008,<function to_numeric at 0x00000087324BD4C0>,<function to_numeric at 0x00000087324BD4C0>,0.169019,<function to_numeric at 0x00000087324BD4C0>,<function to_numeric at 0x00000087324BD4C0>
2021-12-12,<function to_numeric at 0x00000087324BD4C0>,0.172899,<function to_numeric at 0x00000087324BD4C0>,<function to_numeric at 0x00000087324BD4C0>,0.169891,<function to_numeric at 0x00000087324BD4C0>,<function to_numeric at 0x00000087324BD4C0>
2021-12-13,<function to_numeric at 0x00000087324BD4C0>,0.170615,<function to_numeric at 0x00000087324BD4C0>,<function to_numeric at 0x00000087324BD4C0>,0.157565,<function to_numeric at 0x00000087324BD4C0>,<function to_numeric at 0x00000087324BD4C0>
2021-12-14,<function to_numeric at 0x00000087324BD4C0>,0.219632,<function to_numeric at 0x00000087324BD4C0>,<function to_numeric at 0x00000087324BD4C0>,0.180157,<function to_numeric at 0x00000087324BD4C0>,<function to_numeric at 0x00000087324BD4C0>
2021-12-15,<function to_numeric at 0x00000087324BD4C0>,0.191144,<function to_numeric at 0x00000087324BD4C0>,<function to_numeric at 0x00000087324BD4C0>,0.181082,<function to_numeric at 0x00000087324BD4C0>,<function to_numeric at 0x00000087324BD4C0>
2021-12-16,<function to_numeric at 0x00000087324BD4C0>,0.184933,<function to_numeric at 0x00000087324BD4C0>,<function to_numeric at 0x00000087324BD4C0>,0.173454,<function to_numeric at 0x00000087324BD4C0>,<function to_numeric at 0x00000087324BD4C0>
2021-12-17,<function to_numeric at 0x00000087324BD4C0>,0.176559,<function to_numeric at 0x00000087324BD4C0>,<function to_numeric at 0x00000087324BD4C0>,0.16901,<function to_numeric at 0x00000087324BD4C0>,<function to_numeric at 0x00000087324BD4C0>
2021-12-18,<function to_numeric at 0x00000087324BD4C0>,0.174874,<function to_numeric at 0x00000087324BD4C0>,<function to_numeric at 0x00000087324BD4C0>,0.1724,<function to_numeric at 0x00000087324BD4C0>,<function to_numeric at 0x00000087324BD4C0>
2021-12-19,<function to_numeric at 0x00000087324BD4C0>,0.174378,<function to_numeric at 0x00000087324BD4C0>,<function to_numeric at 0x00000087324BD4C0>,0.169576,<function to_numeric at 0x00000087324BD4C0>,<function to_numeric at 0x00000087324BD4C0>
2021-12-20,<function to_numeric at 0x00000087324BD4C0>,0.170833,<function to_numeric at 0x00000087324BD4C0>,<function to_numeric at 0x00000087324BD4C0>,0.167322,<function to_numeric at 0x00000087324BD4C0>,<function to_numeric at 0x00000087324BD4C0>
2021-12-21,<function to_numeric at 0x00000087324BD4C0>,0.17234,<function to_numeric at 0x00000087324BD4C0>,<function to_numeric at 0x00000087324BD4C0>,0.171175,<function to_numeric at 0x00000087324BD4C0>,<function to_numeric at 0x00000087324BD4C0>
2021-12-22,<function to_numeric at 0x00000087324BD4C0>,0.179585,<function to_numeric at 0x00000087324BD4C0>,<function to_numeric at 0x00000087324BD4C0>,0.173214,<function to_numeric at 0x00000087324BD4C0>,<function to_numeric at 0x00000087324BD4C0>
2021-12-23,<function to_numeric at 0x00000087324BD4C0>,0.184522,<function to_numeric at 0x00000087324BD4C0>,<function to_numeric at 0x00000087324BD4C0>,0.18449,<function to_numeric at 0x00000087324BD4C0>,<function to_numeric at 0x00000087324BD4C0>
2021-12-24,<function to_numeric at 0x00000087324BD4C0>,0.19529,<function to_numeric at 0x00000087324BD4C0>,<function to_numeric at 0x00000087324BD4C0>,0.186622,<function to_numeric at 0x00000087324BD4C0>,<function to_numeric at 0x00000087324BD4C0>
2021-12-25,<function to_numeric at 0x00000087324BD4C0>,0.194876,<function to_numeric at 0x00000087324BD4C0>,<function to_numeric at 0x00000087324BD4C0>,0.190657,<function to_numeric at 0x00000087324BD4C0>,<function to_numeric at 0x00000087324BD4C0>
2021-12-26,<function to_numeric at 0x00000087324BD4C0>,0.192546,<function to_numeric at 0x00000087324BD4C0>,<function to_numeric at 0x00000087324BD4C0>,0.19002,<function to_numeric at 0x00000087324BD4C0>,<function to_numeric at 0x00000087324BD4C0>
2021-12-27,<function to_numeric at 0x00000087324BD4C0>,0.192923,<function to_numeric at 0x00000087324BD4C0>,<function to_numeric at 0x00000087324BD4C0>,0.187705,<function to_numeric at 0x00000087324BD4C0>,<function to_numeric at 0x00000087324BD4C0>
2021-12-28,<function to_numeric at 0x00000087324BD4C0>,0.187885,<function to_numeric at 0x00000087324BD4C0>,<function to_numeric at 0x00000087324BD4C0>,0.174117,<function to_numeric at 0x00000087324BD4C0>,<function to_numeric at 0x00000087324BD4C0>
2021-12-29,<function to_numeric at 0x00000087324BD4C0>,0.177339,<function to_numeric at 0x00000087324BD4C0>,<function to_numeric at 0x00000087324BD4C0>,0.167765,<function to_numeric at 0x00000087324BD4C0>,<function to_numeric at 0x00000087324BD4C0>
2021-12-30,<function to_numeric at 0x00000087324BD4C0>,0.175771,<function to_numeric at 0x00000087324BD4C0>,<function to_numeric at 0x00000087324BD4C0>,0.171313,<function to_numeric at 0x00000087324BD4C0>,<function to_numeric at 0x00000087324BD4C0>
2021-12-31,<function to_numeric at 0x00000087324BD4C0>,0.175294,<function to_numeric at 0x00000087324BD4C0>,<function to_numeric at 0x00000087324BD4C0>,0.170496,<function to_numeric at 0x00000087324BD4C0>,<function to_numeric at 0x00000087324BD4C0>
2022-01-01,<function to_numeric at 0x00000087324BD4C0>,0.173423,<function to_numeric at 0x00000087324BD4C0>,<function to_numeric at 0x00000087324BD4C0>,0.173035,<function to_numeric at 0x00000087324BD4C0>,<function to_numeric at 0x00000087324BD4C0>
2022-01-02,<function to_numeric at 0x00000087324BD4C0>,0.175989,<function to_numeric at 0x00000087324BD4C0>,<function to_numeric at 0x00000087324BD4C0>,0.174403,<function to_numeric at 0x00000087324BD4C0>,<function to_numeric at 0x00000087324BD4C0>
2022-01-03,<function to_numeric at 0x00000087324BD4C0>,0.174406,<function to_numeric at 0x00000087324BD4C0>,<function to_numeric at 0x00000087324BD4C0>,0.170088,<function to_numeric at 0x00000087324BD4C0>,<function to_numeric at 0x00000087324BD4C0>
2022-01-04,<function to_numeric at 0x00000087324BD4C0>,0.172339,<function to_numeric at 0x00000087324BD4C0>,<function to_numeric at 0x00000087324BD4C0>,0.168803,<function to_numeric at 0x00000087324BD4C0>,<function to_numeric at 0x00000087324BD4C0>
2022-01-05,<function to_numeric at 0x00000087324BD4C0>,0.170747,<function to_numeric at 0x00000087324BD4C0>,<function to_numeric at 0x00000087324BD4C0>,0.15942,<function to_numeric at 0x00000087324BD4C0>,<function to_numeric at 0x00000087324BD4C0>
2022-01-06,<function to_numeric at 0x00000087324BD4C0>,0.161706,<function to_numeric at 0x00000087324BD4C0>,<function to_numeric at 0x00000087324BD4C0>,0.160213,<function to_numeric at 0x00000087324BD4C0>,<function to_numeric at 0x00000087324BD4C0>
2022-01-07,<function to_numeric at 0x00000087324BD4C0>,0.160295,<function to_numeric at 0x00000087324BD4C0>,<function to_numeric at 0x00000087324BD4C0>,0.155023,<function to_numeric at 0x00000087324BD4C0>,<function to_numeric at 0x00000087324BD4C0>
2022-01-08,<function to_numeric at 0x00000087324BD4C0>,0.157725,<function to_numeric at 0x00000087324BD4C0>,<function to_numeric at 0x00000087324BD4C0>,0.151954,<function to_numeric at 0x00000087324BD4C0>,<function to_numeric at 0x00000087324BD4C0>
2022-01-09,<function to_numeric at 0x00000087324BD4C0>,0.153742,<function to_numeric at 0x00000087324BD4C0>,<function to_numeric at 0x00000087324BD4C0>,0.151065,<function to_numeric at 0x00000087324BD4C0>,<function to_numeric at 0x00000087324BD4C0>
2022-01-10,<function to_numeric at 0x00000087324BD4C0>,0.152135,<function to_numeric at 0x00000087324BD4C0>,<function to_numeric at 0x00000087324BD4C0>,0.143359,<function to_numeric at 0x00000087324BD4C0>,<function to_numeric at 0x00000087324BD4C0>
2022-01-11,<function to_numeric at 0x00000087324BD4C0>,0.164621,<function to_numeric at 0x00000087324BD4C0>,<function to_numeric at 0x00000087324BD4C0>,0.153399,<function to_numeric at 0x00000087324BD4C0>,<function to_numeric at 0x00000087324BD4C0>
2022-01-12,<function to_numeric at 0x00000087324BD4C0>,0.161652,<function to_numeric at 0x00000087324BD4C0>,<function to_numeric at 0x00000087324BD4C0>,0.161652,<function to_numeric at 0x00000087324BD4C0>,<function to_numeric at 0x00000087324BD4C0>
2022-01-13,<function to_numeric at 0x00000087324BD4C0>,0.174792,<function to_numeric at 0x00000087324BD4C0>,<function to_numeric at 0x00000087324BD4C0>,0.172043,<function to_numeric at 0x00000087324BD4C0>,<function to_numeric at 0x00000087324BD4C0>
2022-01-14,<function to_numeric at 0x00000087324BD4C0>,0.203232,<function to_numeric at 0x00000087324BD4C0>,<function to_numeric at 0x00000087324BD4C0>,0.183549,<function to_numeric at 0x00000087324BD4C0>,<function to_numeric at 0x00000087324BD4C0>
2022-01-15,<function to_numeric at 0x00000087324BD4C0>,0.1936,<function to_numeric at 0x00000087324BD4C0>,<function to_numeric at 0x00000087324BD4C0>,0.185103,<function to_numeric at 0x00000087324BD4C0>,<function to_numeric at 0x00000087324BD4C0>
2022-01-16,<function to_numeric at 0x00000087324BD4C0>,0.185093,<function to_numeric at 0x00000087324BD4C0>,<function to_numeric at 0x00000087324BD4C0>,0.177176,<function to_numeric at 0x00000087324BD4C0>,<function to_numeric at 0x00000087324BD4C0>
2022-01-17,<function to_numeric at 0x00000087324BD4C0>,0.177872,<function to_numeric at 0x00000087324BD4C0>,<function to_numeric at 0x00000087324BD4C0>,0.171145,<function to_numeric at 0x00000087324BD4C0>,<function to_numeric at 0x00000087324BD4C0>
2022-01-18,<function to_numeric at 0x00000087324BD4C0>,0.17379,<function to_numeric at 0x00000087324BD4C0>,<function to_numeric at 0x00000087324BD4C0>,0.165485,<function to_numeric at 0x00000087324BD4C0>,<function to_numeric at 0x00000087324BD4C0>
2022-01-19,<function to_numeric at 0x00000087324BD4C0>,0.168647,<function to_numeric at 0x00000087324BD4C0>,<function to_numeric at 0x00000087324BD4C0>,0.162356,<function to_numeric at 0x00000087324BD4C0>,<function to_numeric at 0x00000087324BD4C0>
2022-01-20,<function to_numeric at 0x00000087324BD4C0>,0.168846,<function to_numeric at 0x00000087324BD4C0>,<function to_numeric at 0x00000087324BD4C0>,0.155204,<function to_numeric at 0x00000087324BD4C0>,<function to_numeric at 0x00000087324BD4C0>
2022-01-21,<function to_numeric at 0x00000087324BD4C0>,0.157156,<function to_numeric at 0x00000087324BD4C0>,<function to_numeric at 0x00000087324BD4C0>,0.14264,<function to_numeric at 0x00000087324BD4C0>,<function to_numeric at 0x00000087324BD4C0>
2022-01-22,<function to_numeric at 0x00000087324BD4C0>,0.145027,<function to_numeric at 0x00000087324BD4C0>,<function to_numeric at 0x00000087324BD4C0>,0.132892,<function to_numeric at 0x00000087324BD4C0>,<function to_numeric at 0x00000087324BD4C0>
2022-01-23,<function to_numeric at 0x00000087324BD4C0>,0.143072,<function to_numeric at 0x00000087324BD4C0>,<function to_numeric at 0x00000087324BD4C0>,0.141863,<function to_numeric at 0x00000087324BD4C0>,<function to_numeric at 0x00000087324BD4C0>
2022-01-24,<function to_numeric at 0x00000087324BD4C0>,0.141951,<function to_numeric at 0x00000087324BD4C0>,<function to_numeric at 0x00000087324BD4C0>,0.137798,<function to_numeric at 0x00000087324BD4C0>,<function to_numeric at 0x00000087324BD4C0>
2022-01-25,<function to_numeric at 0x00000087324BD4C0>,0.147236,<function to_numeric at 0x00000087324BD4C0>,<function to_numeric at 0x00000087324BD4C0>,0.143049,<function to_numeric at 0x00000087324BD4C0>,<function to_numeric at 0x00000087324BD4C0>
2022-01-26,<function to_numeric at 0x00000087324BD4C0>,0.152603,<function to_numeric at 0x00000087324BD4C0>,<function to_numeric at 0x00000087324BD4C0>,0.143789,<function to_numeric at 0x00000087324BD4C0>,<function to_numeric at 0x00000087324BD4C0>
2022-01-27,<function to_numeric at 0x00000087324BD4C0>,0.14501,<function to_numeric at 0x00000087324BD4C0>,<function to_numeric at 0x00000087324BD4C0>,0.141247,<function to_numeric at 0x00000087324BD4C0>,<function to_numeric at 0x00000087324BD4C0>
2022-01-28,<function to_numeric at 0x00000087324BD4C0>,0.142413,<function to_numeric at 0x00000087324BD4C0>,<function to_numeric at 0x00000087324BD4C0>,0.141656,<function to_numeric at 0x00000087324BD4C0>,<function to_numeric at 0x00000087324BD4C0>
2022-01-29,<function to_numeric at 0x00000087324BD4C0>,0.143984,<function to_numeric at 0x00000087324BD4C0>,<function to_numeric at 0x00000087324BD4C0>,0.143056,<function to_numeric at 0x00000087324BD4C0>,<function to_numeric at 0x00000087324BD4C0>
2022-01-30,<function to_numeric at 0x00000087324BD4C0>,0.143515,<function to_numeric at 0x00000087324BD4C0>,<function to_numeric at 0x00000087324BD4C0>,0.139471,<function to_numeric at 0x00000087324BD4C0>,<function to_numeric at 0x00000087324BD4C0>
2022-01-31,<function to_numeric at 0x00000087324BD4C0>,0.142264,<function to_numeric at 0x00000087324BD4C0>,<function to_numeric at 0x00000087324BD4C0>,0.141805,<function to_numeric at 0x00000087324BD4C0>,<function to_numeric at 0x00000087324BD4C0>
2022-02-01,<function to_numeric at 0x00000087324BD4C0>,0.144129,<function to_numeric at 0x00000087324BD4C0>,<function to_numeric at 0x00000087324BD4C0>,0.142631,<function to_numeric at 0x00000087324BD4C0>,<function to_numeric at 0x00000087324BD4C0>
2022-02-02,<function to_numeric at 0x00000087324BD4C0>,0.145253,<function to_numeric at 0x00000087324BD4C0>,<function to_numeric at 0x00000087324BD4C0>,0.137235,<function to_numeric at 0x00000087324BD4C0>,<function to_numeric at 0x00000087324BD4C0>
2022-02-03,<function to_numeric at 0x00000087324BD4C0>,0.138747,<function to_numeric at 0x00000087324BD4C0>,<function to_numeric at 0x00000087324BD4C0>,0.137541,<function to_numeric at 0x00000087324BD4C0>,<function to_numeric at 0x00000087324BD4C0>
2022-02-04,<function to_numeric at 0x00000087324BD4C0>,0.147592,<function to_numeric at 0x00000087324BD4C0>,<function to_numeric at 0x00000087324BD4C0>,0.147503,<function to_numeric at 0x00000087324BD4C0>,<function to_numeric at 0x00000087324BD4C0>
2022-02-05,<function to_numeric at 0x00000087324BD4C0>,0.15014,<function to_numeric at 0x00000087324BD4C0>,<function to_numeric at 0x00000087324BD4C0>,0.147141,<function to_numeric at 0x00000087324BD4C0>,<function to_numeric at 0x00000087324BD4C0>
2022-02-06,<function to_numeric at 0x00000087324BD4C0>,0.154775,<function to_numeric at 0x00000087324BD4C0>,<function to_numeric at 0x00000087324BD4C0>,0.15377,<function to_numeric at 0x00000087324BD4C0>,<function to_numeric at 0x00000087324BD4C0>
2022-02-07,<function to_numeric at 0x00000087324BD4C0>,0.171586,<function to_numeric at 0x00000087324BD4C0>,<function to_numeric at 0x00000087324BD4C0>,0.165578,<function to_numeric at 0x00000087324BD4C0>,<function to_numeric at 0x00000087324BD4C0>
2022-02-08,<function to_numeric at 0x00000087324BD4C0>,0.169145,<function to_numeric at 0x00000087324BD4C0>,<function to_numeric at 0x00000087324BD4C0>,0.158405,<function to_numeric at 0x00000087324BD4C0>,<function to_numeric at 0x00000087324BD4C0>
2022-02-09,<function to_numeric at 0x00000087324BD4C0>,0.160704,<function to_numeric at 0x00000087324BD4C0>,<function to_numeric at 0x00000087324BD4C0>,0.159123,<function to_numeric at 0x00000087324BD4C0>,<function to_numeric at 0x00000087324BD4C0>
2022-02-10,<function to_numeric at 0x00000087324BD4C0>,0.160437,<function to_numeric at 0x00000087324BD4C0>,<function to_numeric at 0x00000087324BD4C0>,0.151889,<function to_numeric at 0x00000087324BD4C0>,<function to_numeric at 0x00000087324BD4C0>
2022-02-11,<function to_numeric at 0x00000087324BD4C0>,0.154069,<function to_numeric at 0x00000087324BD4C0>,<function to_numeric at 0x00000087324BD4C0>,0.144847,<function to_numeric at 0x00000087324BD4C0>,<function to_numeric at 0x00000087324BD4C0>
2022-02-12,<function to_numeric at 0x00000087324BD4C0>,0.147013,<function to_numeric at 0x00000087324BD4C0>,<function to_numeric at 0x00000087324BD4C0>,0.144405,<function to_numeric at 0x00000087324BD4C0>,<function to_numeric at 0x00000087324BD4C0>
2022-02-13,<function to_numeric at 0x00000087324BD4C0>,0.157354,<function to_numeric at 0x00000087324BD4C0>,<function to_numeric at 0x00000087324BD4C0>,0.148948,<function to_numeric at 0x00000087324BD4C0>,<function to_numeric at 0x00000087324BD4C0>
2022-02-14,<function to_numeric at 0x00000087324BD4C0>,0.150132,<function to_numeric at 0x00000087324BD4C0>,<function to_numeric at 0x00000087324BD4C0>,0.146003,<function to_numeric at 0x00000087324BD4C0>,<function to_numeric at 0x00000087324BD4C0>
2022-02-15,<function to_numeric at 0x00000087324BD4C0>,0.152199,<function to_numeric at 0x00000087324BD4C0>,<function to_numeric at 0x00000087324BD4C0>,0.151761,<function to_numeric at 0x00000087324BD4C0>,<function to_numeric at 0x00000087324BD4C0>
2022-02-16,<function to_numeric at 0x00000087324BD4C0>,0.151824,<function to_numeric at 0x00000087324BD4C0>,<function to_numeric at 0x00000087324BD4C0>,0.149095,<function to_numeric at 0x00000087324BD4C0>,<function to_numeric at 0x00000087324BD4C0>
2022-02-17,<function to_numeric at 0x00000087324BD4C0>,0.149889,<function to_numeric at 0x00000087324BD4C0>,<function to_numeric at 0x00000087324BD4C0>,0.138552,<function to_numeric at 0x00000087324BD4C0>,<function to_numeric at 0x00000087324BD4C0>
2022-02-18,<function to_numeric at 0x00000087324BD4C0>,0.142097,<function to_numeric at 0x00000087324BD4C0>,<function to_numeric at 0x00000087324BD4C0>,0.138768,<function to_numeric at 0x00000087324BD4C0>,<function to_numeric at 0x00000087324BD4C0>
2022-02-19,<function to_numeric at 0x00000087324BD4C0>,0.145906,<function to_numeric at 0x00000087324BD4C0>,<function to_numeric at 0x00000087324BD4C0>,0.141206,<function to_numeric at 0x00000087324BD4C0>,<function to_numeric at 0x00000087324BD4C0>
2022-02-20,<function to_numeric at 0x00000087324BD4C0>,0.141197,<function to_numeric at 0x00000087324BD4C0>,<function to_numeric at 0x00000087324BD4C0>,0.136868,<function to_numeric at 0x00000087324BD4C0>,<function to_numeric at 0x00000087324BD4C0>
2022-02-21,<function to_numeric at 0x00000087324BD4C0>,0.141345,<function to_numeric at 0x00000087324BD4C0>,<function to_numeric at 0x00000087324BD4C0>,0.12849,<function to_numeric at 0x00000087324BD4C0>,<function to_numeric at 0x00000087324BD4C0>
2022-02-22,<function to_numeric at 0x00000087324BD4C0>,0.131696,<function to_numeric at 0x00000087324BD4C0>,<function to_numeric at 0x00000087324BD4C0>,0.131553,<function to_numeric at 0x00000087324BD4C0>,<function to_numeric at 0x00000087324BD4C0>
2022-02-23,<function to_numeric at 0x00000087324BD4C0>,0.135337,<function to_numeric at 0x00000087324BD4C0>,<function to_numeric at 0x00000087324BD4C0>,0.127846,<function to_numeric at 0x00000087324BD4C0>,<function to_numeric at 0x00000087324BD4C0>
2022-02-24,<function to_numeric at 0x00000087324BD4C0>,0.127851,<function to_numeric at 0x00000087324BD4C0>,<function to_numeric at 0x00000087324BD4C0>,0.123813,<function to_numeric at 0x00000087324BD4C0>,<function to_numeric at 0x00000087324BD4C0>
2022-02-25,<function to_numeric at 0x00000087324BD4C0>,0.128181,<function to_numeric at 0x00000087324BD4C0>,<function to_numeric at 0x00000087324BD4C0>,0.127576,<function to_numeric at 0x00000087324BD4C0>,<function to_numeric at 0x00000087324BD4C0>
2022-02-26,<function to_numeric at 0x00000087324BD4C0>,0.130071,<function to_numeric at 0x00000087324BD4C0>,<function to_numeric at 0x00000087324BD4C0>,0.127647,<function to_numeric at 0x00000087324BD4C0>,<function to_numeric at 0x00000087324BD4C0>
2022-02-27,<function to_numeric at 0x00000087324BD4C0>,0.128235,<function to_numeric at 0x00000087324BD4C0>,<function to_numeric at 0x00000087324BD4C0>,0.123111,<function to_numeric at 0x00000087324BD4C0>,<function to_numeric at 0x00000087324BD4C0>
2022-02-28,<function to_numeric at 0x00000087324BD4C0>,0.134479,<function to_numeric at 0x00000087324BD4C0>,<function to_numeric at 0x00000087324BD4C0>,0.133156,<function to_numeric at 0x00000087324BD4C0>,<function to_numeric at 0x00000087324BD4C0>
2022-03-01,<function to_numeric at 0x00000087324BD4C0>,0.13773,<function to_numeric at 0x00000087324BD4C0>,<function to_numeric at 0x00000087324BD4C0>,0.133938,<function to_numeric at 0x00000087324BD4C0>,<function to_numeric at 0x00000087324BD4C0>
2022-03-02,<function to_numeric at 0x00000087324BD4C0>,0.136214,<function to_numeric at 0x00000087324BD4C0>,<function to_numeric at 0x00000087324BD4C0>,0.13299,<function to_numeric at 0x00000087324BD4C0>,<function to_numeric at 0x00000087324BD4C0>
2022-03-03,<function to_numeric at 0x00000087324BD4C0>,0.133649,<function to_numeric at 0x00000087324BD4C0>,<function to_numeric at 0x00000087324BD4C0>,0.12961,<function to_numeric at 0x00000087324BD4C0>,<function to_numeric at 0x00000087324BD4C0>
2022-03-04,<function to_numeric at 0x00000087324BD4C0>,0.129856,<function to_numeric at 0x00000087324BD4C0>,<function to_numeric at 0x00000087324BD4C0>,0.122591,<function to_numeric at 0x00000087324BD4C0>,<function to_numeric at 0x00000087324BD4C0>
2022-03-05,<function to_numeric at 0x00000087324BD4C0>,0.125375,<function to_numeric at 0x00000087324BD4C0>,<function to_numeric at 0x00000087324BD4C0>,0.124996,<function to_numeric at 0x00000087324BD4C0>,<function to_numeric at 0x00000087324BD4C0>
2022-03-06,<function to_numeric at 0x00000087324BD4C0>,0.125611,<function to_numeric at 0x00000087324BD4C0>,<function to_numeric at 0x00000087324BD4C0>,0.120766,<function to_numeric at 0x00000087324BD4C0>,<function to_numeric at 0x00000087324BD4C0>
2022-03-07,<function to_numeric at 0x00000087324BD4C0>,0.122563,<function to_numeric at 0x00000087324BD4C0>,<function to_numeric at 0x00000087324BD4C0>,0.117105,<function to_numeric at 0x00000087324BD4C0>,<function to_numeric at 0x00000087324BD4C0>
2022-03-08,<function to_numeric at 0x00000087324BD4C0>,0.119724,<function to_numeric at 0x00000087324BD4C0>,<function to_numeric at 0x00000087324BD4C0>,0.117029,<function to_numeric at 0x00000087324BD4C0>,<function to_numeric at 0x00000087324BD4C0>
2022-03-09,<function to_numeric at 0x00000087324BD4C0>,0.123734,<function to_numeric at 0x00000087324BD4C0>,<function to_numeric at 0x00000087324BD4C0>,0.121588,<function to_numeric at 0x00000087324BD4C0>,<function to_numeric at 0x00000087324BD4C0>
2022-03-10,<function to_numeric at 0x00000087324BD4C0>,0.121612,<function to_numeric at 0x00000087324BD4C0>,<function to_numeric at 0x00000087324BD4C0>,0.116885,<function to_numeric at 0x00000087324BD4C0>,<function to_numeric at 0x00000087324BD4C0>
2022-03-11,<function to_numeric at 0x00000087324BD4C0>,0.118293,<function to_numeric at 0x00000087324BD4C0>,<function to_numeric at 0x00000087324BD4C0>,0.115602,<function to_numeric at 0x00000087324BD4C0>,<function to_numeric at 0x00000087324BD4C0>
2022-03-12,<function to_numeric at 0x00000087324BD4C0>,0.117239,<function to_numeric at 0x00000087324BD4C0>,<function to_numeric at 0x00000087324BD4C0>,0.115136,<function to_numeric at 0x00000087324BD4C0>,<function to_numeric at 0x00000087324BD4C0>
2022-03-13,<function to_numeric at 0x00000087324BD4C0>,0.116231,<function to_numeric at 0x00000087324BD4C0>,<function to_numeric at 0x00000087324BD4C0>,0.111608,<function to_numeric at 0x00000087324BD4C0>,<function to_numeric at 0x00000087324BD4C0>
2022-03-14,<function to_numeric at 0x00000087324BD4C0>,0.118967,<function to_numeric at 0x00000087324BD4C0>,<function to_numeric at 0x00000087324BD4C0>,0.114048,<function to_numeric at 0x00000087324BD4C0>,<function to_numeric at 0x00000087324BD4C0>
2022-03-15,<function to_numeric at 0x00000087324BD4C0>,0.114213,<function to_numeric at 0x00000087324BD4C0>,<function to_numeric at 0x00000087324BD4C0>,0.112784,<function to_numeric at 0x00000087324BD4C0>,<function to_numeric at 0x00000087324BD4C0>
2022-03-16,<function to_numeric at 0x00000087324BD4C0>,0.116908,<function to_numeric at 0x00000087324BD4C0>,<function to_numeric at 0x00000087324BD4C0>,0.116908,<function to_numeric at 0x00000087324BD4C0>,<function to_numeric at 0x00000087324BD4C0>
2022-03-17,<function to_numeric at 0x00000087324BD4C0>,0.11871,<function to_numeric at 0x00000087324BD4C0>,<function to_numeric at 0x00000087324BD4C0>,0.116502,<function to_numeric at 0x00000087324BD4C0>,<function to_numeric at 0x00000087324BD4C0>
2022-03-18,<function to_numeric at 0x00000087324BD4C0>,0.119375,<function to_numeric at 0x00000087324BD4C0>,<function to_numeric at 0x00000087324BD4C0>,0.119306,<function to_numeric at 0x00000087324BD4C0>,<function to_numeric at 0x00000087324BD4C0>
2022-03-19,<function to_numeric at 0x00000087324BD4C0>,0.124573,<function to_numeric at 0x00000087324BD4C0>,<function to_numeric at 0x00000087324BD4C0>,0.123569,<function to_numeric at 0x00000087324BD4C0>,<function to_numeric at 0x00000087324BD4C0>
2022-03-20,<function to_numeric at 0x00000087324BD4C0>,0.123919,<function to_numeric at 0x00000087324BD4C0>,<function to_numeric at 0x00000087324BD4C0>,0.119154,<function to_numeric at 0x00000087324BD4C0>,<function to_numeric at 0x00000087324BD4C0>
2022-03-21,<function to_numeric at 0x00000087324BD4C0>,0.121332,<function to_numeric at 0x00000087324BD4C0>,<function to_numeric at 0x00000087324BD4C0>,0.119339,<function to_numeric at 0x00000087324BD4C0>,<function to_numeric at 0x00000087324BD4C0>
2022-03-22,<function to_numeric at 0x00000087324BD4C0>,0.12535,<function to_numeric at 0x00000087324BD4C0>,<function to_numeric at 0x00000087324BD4C0>,0.122481,<function to_numeric at 0x00000087324BD4C0>,<function to_numeric at 0x00000087324BD4C0>
2022-03-23,<function to_numeric at 0x00000087324BD4C0>,0.130713,<function to_numeric at 0x00000087324BD4C0>,<function to_numeric at 0x00000087324BD4C0>,0.129727,<function to_numeric at 0x00000087324BD4C0>,<function to_numeric at 0x00000087324BD4C0>
2022-03-24,<function to_numeric at 0x00000087324BD4C0>,0.140605,<function to_numeric at 0x00000087324BD4C0>,<function to_numeric at 0x00000087324BD4C0>,0.13655,<function to_numeric at 0x00000087324BD4C0>,<function to_numeric at 0x00000087324BD4C0>
2022-03-25,<function to_numeric at 0x00000087324BD4C0>,0.137275,<function to_numeric at 0x00000087324BD4C0>,<function to_numeric at 0x00000087324BD4C0>,0.131013,<function to_numeric at 0x00000087324BD4C0>,<function to_numeric at 0x00000087324BD4C0>
2022-03-26,<function to_numeric at 0x00000087324BD4C0>,0.136495,<function to_numeric at 0x00000087324BD4C0>,<function to_numeric at 0x00000087324BD4C0>,0.135868,<function to_numeric at 0x00000087324BD4C0>,<function to_numeric at 0x00000087324BD4C0>
2022-03-27,<function to_numeric at 0x00000087324BD4C0>,0.144858,<function to_numeric at 0x00000087324BD4C0>,<function to_numeric at 0x00000087324BD4C0>,0.144732,<function to_numeric at 0x00000087324BD4C0>,<function to_numeric at 0x00000087324BD4C0>
2022-03-28,<function to_numeric at 0x00000087324BD4C0>,0.152737,<function to_numeric at 0x00000087324BD4C0>,<function to_numeric at 0x00000087324BD4C0>,0.142657,<function to_numeric at 0x00000087324BD4C0>,<function to_numeric at 0x00000087324BD4C0>
2022-03-29,<function to_numeric at 0x00000087324BD4C0>,0.148559,<function to_numeric at 0x00000087324BD4C0>,<function to_numeric at 0x00000087324BD4C0>,0.14447,<function to_numeric at 0x00000087324BD4C0>,<function to_numeric at 0x00000087324BD4C0>
2022-03-30,<function to_numeric at 0x00000087324BD4C0>,0.144997,<function to_numeric at 0x00000087324BD4C0>,<function to_numeric at 0x00000087324BD4C0>,0.14321,<function to_numeric at 0x00000087324BD4C0>,<function to_numeric at 0x00000087324BD4C0>
2022-03-31,<function to_numeric at 0x00000087324BD4C0>,0.14722,<function to_numeric at 0x00000087324BD4C0>,<function to_numeric at 0x00000087324BD4C0>,0.137826,<function to_numeric at 0x00000087324BD4C0>,<function to_numeric at 0x00000087324BD4C0>
2022-04-01,<function to_numeric at 0x00000087324BD4C0>,0.142394,<function to_numeric at 0x00000087324BD4C0>,<function to_numeric at 0x00000087324BD4C0>,0.141315,<function to_numeric at 0x00000087324BD4C0>,<function to_numeric at 0x00000087324BD4C0>
2022-04-02,<function to_numeric at 0x00000087324BD4C0>,0.144069,<function to_numeric at 0x00000087324BD4C0>,<function to_numeric at 0x00000087324BD4C0>,0.138913,<function to_numeric at 0x00000087324BD4C0>,<function to_numeric at 0x00000087324BD4C0>
2022-04-03,<function to_numeric at 0x00000087324BD4C0>,0.148558,<function to_numeric at 0x00000087324BD4C0>,<function to_numeric at 0x00000087324BD4C0>,0.146453,<function to_numeric at 0x00000087324BD4C0>,<function to_numeric at 0x00000087324BD4C0>
2022-04-04,<function to_numeric at 0x00000087324BD4C0>,0.155312,<function to_numeric at 0x00000087324BD4C0>,<function to_numeric at 0x00000087324BD4C0>,0.148591,<function to_numeric at 0x00000087324BD4C0>,<function to_numeric at 0x00000087324BD4C0>
2022-04-05,<function to_numeric at 0x00000087324BD4C0>,0.178045,<function to_numeric at 0x00000087324BD4C0>,<function to_numeric at 0x00000087324BD4C0>,0.172907,<function to_numeric at 0x00000087324BD4C0>,<function to_numeric at 0x00000087324BD4C0>
2022-04-06,<function to_numeric at 0x00000087324BD4C0>,0.173497,<function to_numeric at 0x00000087324BD4C0>,<function to_numeric at 0x00000087324BD4C0>,0.143417,<function to_numeric at 0x00000087324BD4C0>,<function to_numeric at 0x00000087324BD4C0>
2022-04-07,<function to_numeric at 0x00000087324BD4C0>,0.148028,<function to_numeric at 0x00000087324BD4C0>,<function to_numeric at 0x00000087324BD4C0>,0.146102,<function to_numeric at 0x00000087324BD4C0>,<function to_numeric at 0x00000087324BD4C0>
2022-04-08,<function to_numeric at 0x00000087324BD4C0>,0.152716,<function to_numeric at 0x00000087324BD4C0>,<function to_numeric at 0x00000087324BD4C0>,0.142549,<function to_numeric at 0x00000087324BD4C0>,<function to_numeric at 0x00000087324BD4C0>
2022-04-09,<function to_numeric at 0x00000087324BD4C0>,0.144462,<function to_numeric at 0x00000087324BD4C0>,<function to_numeric at 0x00000087324BD4C0>,0.144303,<function to_numeric at 0x00000087324BD4C0>,<function to_numeric at 0x00000087324BD4C0>
2022-04-10,<function to_numeric at 0x00000087324BD4C0>,0.156972,<function to_numeric at 0x00000087324BD4C0>,<function to_numeric at 0x00000087324BD4C0>,0.149535,<function to_numeric at 0x00000087324BD4C0>,<function to_numeric at 0x00000087324BD4C0>
2022-04-11,<function to_numeric at 0x00000087324BD4C0>,0.151292,<function to_numeric at 0x00000087324BD4C0>,<function to_numeric at 0x00000087324BD4C0>,0.134654,<function to_numeric at 0x00000087324BD4C0>,<function to_numeric at 0x00000087324BD4C0>
2022-04-12,<function to_numeric at 0x00000087324BD4C0>,0.144122,<function to_numeric at 0x00000087324BD4C0>,<function to_numeric at 0x00000087324BD4C0>,0.138076,<function to_numeric at 0x00000087324BD4C0>,<function to_numeric at 0x00000087324BD4C0>
2022-04-13,<function to_numeric at 0x00000087324BD4C0>,0.142608,<function to_numeric at 0x00000087324BD4C0>,<function to_numeric at 0x00000087324BD4C0>,0.14008,<function to_numeric at 0x00000087324BD4C0>,<function to_numeric at 0x00000087324BD4C0>
2022-04-14,<function to_numeric at 0x00000087324BD4C0>,0.146633,<function to_numeric at 0x00000087324BD4C0>,<function to_numeric at 0x00000087324BD4C0>,0.14392,<function to_numeric at 0x00000087324BD4C0>,<function to_numeric at 0x00000087324BD4C0>
2022-04-15,<function to_numeric at 0x00000087324BD4C0>,0.149287,<function to_numeric at 0x00000087324BD4C0>,<function to_numeric at 0x00000087324BD4C0>,0.146026,<function to_numeric at 0x00000087324BD4C0>,<function to_numeric at 0x00000087324BD4C0>
2022-04-16,<function to_numeric at 0x00000087324BD4C0>,0.147811,<function to_numeric at 0x00000087324BD4C0>,<function to_numeric at 0x00000087324BD4C0>,0.143712,<function to_numeric at 0x00000087324BD4C0>,<function to_numeric at 0x00000087324BD4C0>
2022-04-17,<function to_numeric at 0x00000087324BD4C0>,0.144709,<function to_numeric at 0x00000087324BD4C0>,<function to_numeric at 0x00000087324BD4C0>,0.139459,<function to_numeric at 0x00000087324BD4C0>,<function to_numeric at 0x00000087324BD4C0>
2022-04-18,<function to_numeric at 0x00000087324BD4C0>,0.140461,<function to_numeric at 0x00000087324BD4C0>,<function to_numeric at 0x00000087324BD4C0>,0.140286,<function to_numeric at 0x00000087324BD4C0>,<function to_numeric at 0x00000087324BD4C0>
2022-04-19,<function to_numeric at 0x00000087324BD4C0>,0.144141,<function to_numeric at 0x00000087324BD4C0>,<function to_numeric at 0x00000087324BD4C0>,0.142665,<function to_numeric at 0x00000087324BD4C0>,<function to_numeric at 0x00000087324BD4C0>
2022-04-20,<function to_numeric at 0x00000087324BD4C0>,0.146241,<function to_numeric at 0x00000087324BD4C0>,<function to_numeric at 0x00000087324BD4C0>,0.140878,<function to_numeric at 0x00000087324BD4C0>,<function to_numeric at 0x00000087324BD4C0>
2022-04-21,<function to_numeric at 0x00000087324BD4C0>,0.142448,<function to_numeric at 0x00000087324BD4C0>,<function to_numeric at 0x00000087324BD4C0>,0.136365,<function to_numeric at 0x00000087324BD4C0>,<function to_numeric at 0x00000087324BD4C0>
2022-04-22,<function to_numeric at 0x00000087324BD4C0>,0.137908,<function to_numeric at 0x00000087324BD4C0>,<function to_numeric at 0x00000087324BD4C0>,0.136395,<function to_numeric at 0x00000087324BD4C0>,<function to_numeric at 0x00000087324BD4C0>
2022-04-23,<function to_numeric at 0x00000087324BD4C0>,0.136495,<function to_numeric at 0x00000087324BD4C0>,<function to_numeric at 0x00000087324BD4C0>,0.134241,<function to_numeric at 0x00000087324BD4C0>,<function to_numeric at 0x00000087324BD4C0>
2022-04-24,<function to_numeric at 0x00000087324BD4C0>,0.13469,<function to_numeric at 0x00000087324BD4C0>,<function to_numeric at 0x00000087324BD4C0>,0.131947,<function to_numeric at 0x00000087324BD4C0>,<function to_numeric at 0x00000087324BD4C0>
2022-04-25,<function to_numeric at 0x00000087324BD4C0>,0.167735,<function to_numeric at 0x00000087324BD4C0>,<function to_numeric at 0x00000087324BD4C0>,0.157959,<function to_numeric at 0x00000087324BD4C0>,<function to_numeric at 0x00000087324BD4C0>
2022-04-26,<function to_numeric at 0x00000087324BD4C0>,0.165278,<function to_numeric at 0x00000087324BD4C0>,<function to_numeric at 0x00000087324BD4C0>,0.137767,<function to_numeric at 0x00000087324BD4C0>,<function to_numeric at 0x00000087324BD4C0>
2022-04-27,<function to_numeric at 0x00000087324BD4C0>,0.145405,<function to_numeric at 0x00000087324BD4C0>,<function to_numeric at 0x00000087324BD4C0>,0.1397,<function to_numeric at 0x00000087324BD4C0>,<function to_numeric at 0x00000087324BD4C0>
2022-04-28,<function to_numeric at 0x00000087324BD4C0>,0.142618,<function to_numeric at 0x00000087324BD4C0>,<function to_numeric at 0x00000087324BD4C0>,0.137363,<function to_numeric at 0x00000087324BD4C0>,<function to_numeric at 0x00000087324BD4C0>
2022-04-29,<function to_numeric at 0x00000087324BD4C0>,0.144643,<function to_numeric at 0x00000087324BD4C0>,<function to_numeric at 0x00000087324BD4C0>,0.135027,<function to_numeric at 0x00000087324BD4C0>,<function to_numeric at 0x00000087324BD4C0>
2022-04-30,<function to_numeric at 0x00000087324BD4C0>,0.136528,<function to_numeric at 0x00000087324BD4C0>,<function to_numeric at 0x00000087324BD4C0>,0.127557,<function to_numeric at 0x00000087324BD4C0>,<function to_numeric at 0x00000087324BD4C0>
2022-05-01,<function to_numeric at 0x00000087324BD4C0>,0.134821,<function to_numeric at 0x00000087324BD4C0>,<function to_numeric at 0x00000087324BD4C0>,0.132773,<function to_numeric at 0x00000087324BD4C0>,<function to_numeric at 0x00000087324BD4C0>
2022-05-02,<function to_numeric at 0x00000087324BD4C0>,0.133783,<function to_numeric at 0x00000087324BD4C0>,<function to_numeric at 0x00000087324BD4C0>,0.130938,<function to_numeric at 0x00000087324BD4C0>,<function to_numeric at 0x00000087324BD4C0>
2022-05-03,<function to_numeric at 0x00000087324BD4C0>,0.131833,<function to_numeric at 0x00000087324BD4C0>,<function to_numeric at 0x00000087324BD4C0>,0.12952,<function to_numeric at 0x00000087324BD4C0>,<function to_numeric at 0x00000087324BD4C0>
2022-05-04,<function to_numeric at 0x00000087324BD4C0>,0.135809,<function to_numeric at 0x00000087324BD4C0>,<function to_numeric at 0x00000087324BD4C0>,0.135809,<function to_numeric at 0x00000087324BD4C0>,<function to_numeric at 0x00000087324BD4C0>
2022-05-05,<function to_numeric at 0x00000087324BD4C0>,0.137313,<function to_numeric at 0x00000087324BD4C0>,<function to_numeric at 0x00000087324BD4C0>,0.12843,<function to_numeric at 0x00000087324BD4C0>,<function to_numeric at 0x00000087324BD4C0>
2022-05-06,<function to_numeric at 0x00000087324BD4C0>,0.129305,<function to_numeric at 0x00000087324BD4C0>,<function to_numeric at 0x00000087324BD4C0>,0.127901,<function to_numeric at 0x00000087324BD4C0>,<function to_numeric at 0x00000087324BD4C0>
2022-05-07,<function to_numeric at 0x00000087324BD4C0>,0.13192,<function to_numeric at 0x00000087324BD4C0>,<function to_numeric at 0x00000087324BD4C0>,0.127532,<function to_numeric at 0x00000087324BD4C0>,<function to_numeric at 0x00000087324BD4C0>
2022-05-08,<function to_numeric at 0x00000087324BD4C0>,0.128017,<function to_numeric at 0x00000087324BD4C0>,<function to_numeric at 0x00000087324BD4C0>,0.124207,<function to_numeric at 0x00000087324BD4C0>,<function to_numeric at 0x00000087324BD4C0>
2022-05-09,<function to_numeric at 0x00000087324BD4C0>,0.125136,<function to_numeric at 0x00000087324BD4C0>,<function to_numeric at 0x00000087324BD4C0>,0.104824,<function to_numeric at 0x00000087324BD4C0>,<function to_numeric at 0x00000087324BD4C0>
2022-05-10,<function to_numeric at 0x00000087324BD4C0>,0.117775,<function to_numeric at 0x00000087324BD4C0>,<function to_numeric at 0x00000087324BD4C0>,0.108477,<function to_numeric at 0x00000087324BD4C0>,<function to_numeric at 0x00000087324BD4C0>
2022-05-11,<function to_numeric at 0x00000087324BD4C0>,0.110565,<function to_numeric at 0x00000087324BD4C0>,<function to_numeric at 0x00000087324BD4C0>,0.084581,<function to_numeric at 0x00000087324BD4C0>,<function to_numeric at 0x00000087324BD4C0>
2022-05-12,<function to_numeric at 0x00000087324BD4C0>,0.089028,<function to_numeric at 0x00000087324BD4C0>,<function to_numeric at 0x00000087324BD4C0>,0.082671,<function to_numeric at 0x00000087324BD4C0>,<function to_numeric at 0x00000087324BD4C0>
2022-05-13,<function to_numeric at 0x00000087324BD4C0>,0.094254,<function to_numeric at 0x00000087324BD4C0>,<function to_numeric at 0x00000087324BD4C0>,0.088331,<function to_numeric at 0x00000087324BD4C0>,<function to_numeric at 0x00000087324BD4C0>
2022-05-14,<function to_numeric at 0x00000087324BD4C0>,0.091598,<function to_numeric at 0x00000087324BD4C0>,<function to_numeric at 0x00000087324BD4C0>,0.089796,<function to_numeric at 0x00000087324BD4C0>,<function to_numeric at 0x00000087324BD4C0>
2022-05-15,<function to_numeric at 0x00000087324BD4C0>,0.092843,<function to_numeric at 0x00000087324BD4C0>,<function to_numeric at 0x00000087324BD4C0>,0.092843,<function to_numeric at 0x00000087324BD4C0>,<function to_numeric at 0x00000087324BD4C0>
2022-05-16,<function to_numeric at 0x00000087324BD4C0>,0.093061,<function to_numeric at 0x00000087324BD4C0>,<function to_numeric at 0x00000087324BD4C0>,0.087841,<function to_numeric at 0x00000087324BD4C0>,<function to_numeric at 0x00000087324BD4C0>
2022-05-17,<function to_numeric at 0x00000087324BD4C0>,0.091112,<function to_numeric at 0x00000087324BD4C0>,<function to_numeric at 0x00000087324BD4C0>,0.090213,<function to_numeric at 0x00000087324BD4C0>,<function to_numeric at 0x00000087324BD4C0>
2022-05-18,<function to_numeric at 0x00000087324BD4C0>,0.090797,<function to_numeric at 0x00000087324BD4C0>,<function to_numeric at 0x00000087324BD4C0>,0.083649,<function to_numeric at 0x00000087324BD4C0>,<function to_numeric at 0x00000087324BD4C0>
2022-05-19,<function to_numeric at 0x00000087324BD4C0>,0.087124,<function to_numeric at 0x00000087324BD4C0>,<function to_numeric at 0x00000087324BD4C0>,0.086723,<function to_numeric at 0x00000087324BD4C0>,<function to_numeric at 0x00000087324BD4C0>
2022-05-20,<function to_numeric at 0x00000087324BD4C0>,0.08775,<function to_numeric at 0x00000087324BD4C0>,<function to_numeric at 0x00000087324BD4C0>,0.083977,<function to_numeric at 0x00000087324BD4C0>,<function to_numeric at 0x00000087324BD4C0>
2022-05-21,<function to_numeric at 0x00000087324BD4C0>,0.08511,<function to_numeric at 0x00000087324BD4C0>,<function to_numeric at 0x00000087324BD4C0>,0.084463,<function to_numeric at 0x00000087324BD4C0>,<function to_numeric at 0x00000087324BD4C0>
2022-05-22,<function to_numeric at 0x00000087324BD4C0>,0.08648,<function to_numeric at 0x00000087324BD4C0>,<function to_numeric at 0x00000087324BD4C0>,0.086105,<function to_numeric at 0x00000087324BD4C0>,<function to_numeric at 0x00000087324BD4C0>
2022-05-23,<function to_numeric at 0x00000087324BD4C0>,0.08811,<function to_numeric at 0x00000087324BD4C0>,<function to_numeric at 0x00000087324BD4C0>,0.083253,<function to_numeric at 0x00000087324BD4C0>,<function to_numeric at 0x00000087324BD4C0>
2022-05-24,<function to_numeric at 0x00000087324BD4C0>,0.084317,<function to_numeric at 0x00000087324BD4C0>,<function to_numeric at 0x00000087324BD4C0>,0.083637,<function to_numeric at 0x00000087324BD4C0>,<function to_numeric at 0x00000087324BD4C0>
2022-05-25,<function to_numeric at 0x00000087324BD4C0>,0.084338,<function to_numeric at 0x00000087324BD4C0>,<function to_numeric at 0x00000087324BD4C0>,0.082985,<function to_numeric at 0x00000087324BD4C0>,<function to_numeric at 0x00000087324BD4C0>
2022-05-26,<function to_numeric at 0x00000087324BD4C0>,0.0836,<function to_numeric at 0x00000087324BD4C0>,<function to_numeric at 0x00000087324BD4C0>,0.078252,<function to_numeric at 0x00000087324BD4C0>,<function to_numeric at 0x00000087324BD4C0>
2022-05-27,<function to_numeric at 0x00000087324BD4C0>,0.085384,<function to_numeric at 0x00000087324BD4C0>,<function to_numeric at 0x00000087324BD4C0>,0.081335,<function to_numeric at 0x00000087324BD4C0>,<function to_numeric at 0x00000087324BD4C0>
2022-05-28,<function to_numeric at 0x00000087324BD4C0>,0.083048,<function to_numeric at 0x00000087324BD4C0>,<function to_numeric at 0x00000087324BD4C0>,0.081839,<function to_numeric at 0x00000087324BD4C0>,<function to_numeric at 0x00000087324BD4C0>
2022-05-29,<function to_numeric at 0x00000087324BD4C0>,0.083034,<function to_numeric at 0x00000087324BD4C0>,<function to_numeric at 0x00000087324BD4C0>,0.082686,<function to_numeric at 0x00000087324BD4C0>,<function to_numeric at 0x00000087324BD4C0>
2022-05-30,<function to_numeric at 0x00000087324BD4C0>,0.088275,<function to_numeric at 0x00000087324BD4C0>,<function to_numeric at 0x00000087324BD4C0>,0.087871,<function to_numeric at 0x00000087324BD4C0>,<function to_numeric at 0x00000087324BD4C0>
2022-05-31,<function to_numeric at 0x00000087324BD4C0>,0.08823,<function to_numeric at 0x00000087324BD4C0>,<function to_numeric at 0x00000087324BD4C0>,0.085865,<function to_numeric at 0x00000087324BD4C0>,<function to_numeric at 0x00000087324BD4C0>
2022-06-01,<function to_numeric at 0x00000087324BD4C0>,0.088647,<function to_numeric at 0x00000087324BD4C0>,<function to_numeric at 0x00000087324BD4C0>,0.081056,<function to_numeric at 0x00000087324BD4C0>,<function to_numeric at 0x00000087324BD4C0>
2022-06-02,<function to_numeric at 0x00000087324BD4C0>,0.083007,<function to_numeric at 0x00000087324BD4C0>,<function to_numeric at 0x00000087324BD4C0>,0.082772,<function to_numeric at 0x00000087324BD4C0>,<function to_numeric at 0x00000087324BD4C0>
2022-06-03,<function to_numeric at 0x00000087324BD4C0>,0.082857,<function to_numeric at 0x00000087324BD4C0>,<function to_numeric at 0x00000087324BD4C0>,0.080442,<function to_numeric at 0x00000087324BD4C0>,<function to_numeric at 0x00000087324BD4C0>
2022-06-04,<function to_numeric at 0x00000087324BD4C0>,0.082337,<function to_numeric at 0x00000087324BD4C0>,<function to_numeric at 0x00000087324BD4C0>,0.081777,<function to_numeric at 0x00000087324BD4C0>,<function to_numeric at 0x00000087324BD4C0>
2022-06-05,<function to_numeric at 0x00000087324BD4C0>,0.082138,<function to_numeric at 0x00000087324BD4C0>,<function to_numeric at 0x00000087324BD4C0>,0.081229,<function to_numeric at 0x00000087324BD4C0>,<function to_numeric at 0x00000087324BD4C0>
2022-06-06,<function to_numeric at 0x00000087324BD4C0>,0.084559,<function to_numeric at 0x00000087324BD4C0>,<function to_numeric at 0x00000087324BD4C0>,0.08253,<function to_numeric at 0x00000087324BD4C0>,<function to_numeric at 0x00000087324BD4C0>
2022-06-07,<function to_numeric at 0x00000087324BD4C0>,0.08253,<function to_numeric at 0x00000087324BD4C0>,<function to_numeric at 0x00000087324BD4C0>,0.080513,<function to_numeric at 0x00000087324BD4C0>,<function to_numeric at 0x00000087324BD4C0>
2022-06-08,<function to_numeric at 0x00000087324BD4C0>,0.08142,<function to_numeric at 0x00000087324BD4C0>,<function to_numeric at 0x00000087324BD4C0>,0.079439,<function to_numeric at 0x00000087324BD4C0>,<function to_numeric at 0x00000087324BD4C0>
2022-06-09,<function to_numeric at 0x00000087324BD4C0>,0.080898,<function to_numeric at 0x00000087324BD4C0>,<function to_numeric at 0x00000087324BD4C0>,0.079336,<function to_numeric at 0x00000087324BD4C0>,<function to_numeric at 0x00000087324BD4C0>
2022-06-10,<function to_numeric at 0x00000087324BD4C0>,0.079521,<function to_numeric at 0x00000087324BD4C0>,<function to_numeric at 0x00000087324BD4C0>,0.075454,<function to_numeric at 0x00000087324BD4C0>,<function to_numeric at 0x00000087324BD4C0>
2022-06-11,<function to_numeric at 0x00000087324BD4C0>,0.076399,<function to_numeric at 0x00000087324BD4C0>,<function to_numeric at 0x00000087324BD4C0>,0.069895,<function to_numeric at 0x00000087324BD4C0>,<function to_numeric at 0x00000087324BD4C0>
2022-06-12,<function to_numeric at 0x00000087324BD4C0>,0.070345,<function to_numeric at 0x00000087324BD4C0>,<function to_numeric at 0x00000087324BD4C0>,0.064336,<function to_numeric at 0x00000087324BD4C0>,<function to_numeric at 0x00000087324BD4C0>
2022-06-13,<function to_numeric at 0x00000087324BD4C0>,0.065702,<function to_numeric at 0x00000087324BD4C0>,<function to_numeric at 0x00000087324BD4C0>,0.053921,<function to_numeric at 0x00000087324BD4C0>,<function to_numeric at 0x00000087324BD4C0>
2022-06-14,<function to_numeric at 0x00000087324BD4C0>,0.058154,<function to_numeric at 0x00000087324BD4C0>,<function to_numeric at 0x00000087324BD4C0>,0.055592,<function to_numeric at 0x00000087324BD4C0>,<function to_numeric at 0x00000087324BD4C0>
2022-06-15,<function to_numeric at 0x00000087324BD4C0>,0.063472,<function to_numeric at 0x00000087324BD4C0>,<function to_numeric at 0x00000087324BD4C0>,0.063,<function to_numeric at 0x00000087324BD4C0>,<function to_numeric at 0x00000087324BD4C0>
2022-06-16,<function to_numeric at 0x00000087324BD4C0>,0.062977,<function to_numeric at 0x00000087324BD4C0>,<function to_numeric at 0x00000087324BD4C0>,0.055029,<function to_numeric at 0x00000087324BD4C0>,<function to_numeric at 0x00000087324BD4C0>
2022-06-17,<function to_numeric at 0x00000087324BD4C0>,0.057911,<function to_numeric at 0x00000087324BD4C0>,<function to_numeric at 0x00000087324BD4C0>,0.056995,<function to_numeric at 0x00000087324BD4C0>,<function to_numeric at 0x00000087324BD4C0>
2022-06-18,<function to_numeric at 0x00000087324BD4C0>,0.057755,<function to_numeric at 0x00000087324BD4C0>,<function to_numeric at 0x00000087324BD4C0>,0.053012,<function to_numeric at 0x00000087324BD4C0>,<function to_numeric at 0x00000087324BD4C0>
2022-06-19,<function to_numeric at 0x00000087324BD4C0>,0.062472,<function to_numeric at 0x00000087324BD4C0>,<function to_numeric at 0x00000087324BD4C0>,0.060396,<function to_numeric at 0x00000087324BD4C0>,<function to_numeric at 0x00000087324BD4C0>
2022-06-20,<function to_numeric at 0x00000087324BD4C0>,0.061157,<function to_numeric at 0x00000087324BD4C0>,<function to_numeric at 0x00000087324BD4C0>,0.060177,<function to_numeric at 0x00000087324BD4C0>,<function to_numeric at 0x00000087324BD4C0>
2022-06-21,<function to_numeric at 0x00000087324BD4C0>,0.069324,<function to_numeric at 0x00000087324BD4C0>,<function to_numeric at 0x00000087324BD4C0>,0.065571,<function to_numeric at 0x00000087324BD4C0>,<function to_numeric at 0x00000087324BD4C0>
2022-06-22,<function to_numeric at 0x00000087324BD4C0>,0.065751,<function to_numeric at 0x00000087324BD4C0>,<function to_numeric at 0x00000087324BD4C0>,0.061711,<function to_numeric at 0x00000087324BD4C0>,<function to_numeric at 0x00000087324BD4C0>
2022-06-23,<function to_numeric at 0x00000087324BD4C0>,0.064615,<function to_numeric at 0x00000087324BD4C0>,<function to_numeric at 0x00000087324BD4C0>,0.064032,<function to_numeric at 0x00000087324BD4C0>,<function to_numeric at 0x00000087324BD4C0>
2022-06-24,<function to_numeric at 0x00000087324BD4C0>,0.068162,<function to_numeric at 0x00000087324BD4C0>,<function to_numeric at 0x00000087324BD4C0>,0.067124,<function to_numeric at 0x00000087324BD4C0>,<function to_numeric at 0x00000087324BD4C0>
2022-06-25,<function to_numeric at 0x00000087324BD4C0>,0.069112,<function to_numeric at 0x00000087324BD4C0>,<function to_numeric at 0x00000087324BD4C0>,0.068503,<function to_numeric at 0x00000087324BD4C0>,<function to_numeric at 0x00000087324BD4C0>
2022-06-26,<function to_numeric at 0x00000087324BD4C0>,0.076966,<function to_numeric at 0x00000087324BD4C0>,<function to_numeric at 0x00000087324BD4C0>,0.073177,<function to_numeric at 0x00000087324BD4C0>,<function to_numeric at 0x00000087324BD4C0>
2022-06-27,<function to_numeric at 0x00000087324BD4C0>,0.078389,<function to_numeric at 0x00000087324BD4C0>,<function to_numeric at 0x00000087324BD4C0>,0.072239,<function to_numeric at 0x00000087324BD4C0>,<function to_numeric at 0x00000087324BD4C0>
2022-06-28,<function to_numeric at 0x00000087324BD4C0>,0.072951,<function to_numeric at 0x00000087324BD4C0>,<function to_numeric at 0x00000087324BD4C0>,0.065957,<function to_numeric at 0x00000087324BD4C0>,<function to_numeric at 0x00000087324BD4C0>
2022-06-29,<function to_numeric at 0x00000087324BD4C0>,0.071335,<function to_numeric at 0x00000087324BD4C0>,<function to_numeric at 0x00000087324BD4C0>,0.069468,<function to_numeric at 0x00000087324BD4C0>,<function to_numeric at 0x00000087324BD4C0>
2022-06-30,<function to_numeric at 0x00000087324BD4C0>,0.069513,<function to_numeric at 0x00000087324BD4C0>,<function to_numeric at 0x00000087324BD4C0>,0.066086,<function to_numeric at 0x00000087324BD4C0>,<function to_numeric at 0x00000087324BD4C0>
2022-07-01,<function to_numeric at 0x00000087324BD4C0>,0.067862,<function to_numeric at 0x00000087324BD4C0>,<function to_numeric at 0x00000087324BD4C0>,0.066175,<function to_numeric at 0x00000087324BD4C0>,<function to_numeric at 0x00000087324BD4C0>
2022-07-02,<function to_numeric at 0x00000087324BD4C0>,0.067692,<function to_numeric at 0x00000087324BD4C0>,<function to_numeric at 0x00000087324BD4C0>,0.066698,<function to_numeric at 0x00000087324BD4C0>,<function to_numeric at 0x00000087324BD4C0>
2022-07-03,<function to_numeric at 0x00000087324BD4C0>,0.067356,<function to_numeric at 0x00000087324BD4C0>,<function to_numeric at 0x00000087324BD4C0>,0.067179,<function to_numeric at 0x00000087324BD4C0>,<function to_numeric at 0x00000087324BD4C0>
2022-07-04,<function to_numeric at 0x00000087324BD4C0>,0.069605,<function to_numeric at 0x00000087324BD4C0>,<function to_numeric at 0x00000087324BD4C0>,0.069472,<function to_numeric at 0x00000087324BD4C0>,<function to_numeric at 0x00000087324BD4C0>
2022-07-05,<function to_numeric at 0x00000087324BD4C0>,0.069841,<function to_numeric at 0x00000087324BD4C0>,<function to_numeric at 0x00000087324BD4C0>,0.066358,<function to_numeric at 0x00000087324BD4C0>,<function to_numeric at 0x00000087324BD4C0>
